No_of_Stocks,Portfolio_Value,Profit_From_Initial_Capital,Current_Position,Current Position,drawdown,drawdown2
0.0,1000000.0,0.0,,0,0.0,0.0
0.0,1000000.0,0.0,,0,0.0,0.0
136.0,1000000.0,0.0,,0,0.0,0.0
0.0,1001244.3999999999,0.12443999999999068,,0,0.0,0.0
136.0,1001244.3999999999,0.12443999999999068,,0,0.0,0.0
0.0,1055542.4,5.554239999999991,,0,0.0,0.0
0.0,1055542.4,5.554239999999991,,0,0.0,0.0
0.0,1055542.4,5.554239999999991,,0,0.0,0.0
0.0,1055542.4,5.554239999999991,,0,0.0,0.0
0.0,1055542.4,5.554239999999991,,0,0.0,0.0
0.0,1055542.4,5.554239999999991,,0,0.0,0.0
0.0,1055542.4,5.554239999999991,,0,0.0,0.0
0.0,1055542.4,5.554239999999991,,0,0.0,0.0
119.0,1055542.4,5.554239999999991,,0,0.0,0.0
0.0,1056899.0,5.6899,,0,0.0,0.0
0.0,1056899.0,5.6899,,0,0.0,0.0
0.0,1056899.0,5.6899,,0,0.0,0.0
0.0,1056899.0,5.6899,,0,0.0,0.0
0.0,1056899.0,5.6899,,0,0.0,0.0
0.0,1056899.0,5.6899,,0,0.0,0.0
120.0,1056899.0,5.6899,,0,0.0,0.0
0.0,1050458.6,5.04586000000001,,0,0.6131036482541916,0.6131036482541916
0.0,1050458.6,5.04586000000001,,0,0.0,0.6131036482541916
0.0,1050458.6,5.04586000000001,,0,0.0,0.6131036482541916
0.0,1050458.6,5.04586000000001,,0,0.0,0.6131036482541916
0.0,1050458.6,5.04586000000001,,0,0.0,0.6131036482541916
0.0,1050458.6,5.04586000000001,,0,0.0,0.6131036482541916
0.0,1050458.6,5.04586000000001,,0,0.0,0.6131036482541916
0.0,1050458.6,5.04586000000001,,0,0.0,0.6131036482541916
0.0,1050458.6,5.04586000000001,,0,0.0,0.6131036482541916
0.0,1050458.6,5.04586000000001,,0,0.0,0.6131036482541916
0.0,1050458.6,5.04586000000001,,0,0.0,0.6131036482541916
0.0,1050458.6,5.04586000000001,,0,0.0,0.6131036482541916
0.0,1050458.6,5.04586000000001,,0,0.0,0.6131036482541916
0.0,1050458.6,5.04586000000001,,0,0.0,0.6131036482541916
0.0,1050458.6,5.04586000000001,,0,0.0,0.6131036482541916
0.0,1050458.6,5.04586000000001,,0,0.0,0.6131036482541916
107.0,1050458.6,5.04586000000001,,0,0.0,0.6131036482541916
0.0,1059159.84,5.915984000000008,,0,0.0,0.0
0.0,1059159.84,5.915984000000008,,0,0.0,0.0
107.0,1059159.84,5.915984000000008,,0,0.0,0.0
0.0,1098883.59,9.888359000000008,,0,0.0,0.0
0.0,1098883.59,9.888359000000008,,0,0.0,0.0
107.0,1098883.59,9.888359000000008,,0,0.0,0.0
0.0,1111159.7000000002,11.115970000000019,,0,0.0,0.0
0.0,1111159.7000000002,11.115970000000019,,0,0.0,0.0
112.0,1111159.7000000002,11.115970000000019,,0,0.0,0.0
0.0,1087497.4600000002,8.74974600000002,,0,2.175843242889044,2.175843242889044
106.0,1087497.4600000002,8.74974600000002,,0,0.0,2.175843242889044
0.0,1026979.9400000003,2.6979940000000293,,0,5.892765539315197,8.196826123010725
0.0,1026979.9400000003,2.6979940000000293,,0,0.0,8.196826123010725
106.0,1026979.9400000003,2.6979940000000293,,0,0.0,8.196826123010725
0.0,1024203.8000000004,2.4203800000000397,,0,0.27105347588047385,8.490097381009498
0.0,1024203.8000000004,2.4203800000000397,,0,0.0,8.490097381009498
0.0,1024203.8000000004,2.4203800000000397,,0,0.0,8.490097381009498
109.0,1024203.8000000004,2.4203800000000397,,0,0.0,8.490097381009498
0.0,1082038.1100000003,8.203811000000034,,0,0.0,2.691364539831212
0.0,1082038.1100000003,8.203811000000034,,0,0.0,2.691364539831212
124.0,1082038.1100000003,8.203811000000034,,0,0.0,2.691364539831212
0.0,1103031.3100000003,10.303131000000029,,0,0.0,0.7369138052844479
0.0,1103031.3100000003,10.303131000000029,,0,0.0,0.7369138052844479
0.0,1103031.3100000003,10.303131000000029,,0,0.0,0.7369138052844479
0.0,1103031.3100000003,10.303131000000029,,0,0.0,0.7369138052844479
0.0,1103031.3100000003,10.303131000000029,,0,0.0,0.7369138052844479
0.0,1103031.3100000003,10.303131000000029,,0,0.0,0.7369138052844479
0.0,1103031.3100000003,10.303131000000029,,0,0.0,0.7369138052844479
124.0,1103031.3100000003,10.303131000000029,,0,0.0,0.7369138052844479
0.0,1208846.7100000002,20.88467100000002,,0,0.0,0.0
152.0,1208846.7100000002,20.88467100000002,,0,0.0,0.0
0.0,1214213.83,21.42138300000001,,0,0.0,0.0
153.0,1214213.83,21.42138300000001,,0,0.0,0.0
0.0,1693795.3900000001,69.37953900000001,,0,0.0,0.0
303.0,1693795.3900000001,69.37953900000001,,0,0.0,0.0
0.0,1816977.0100000002,81.69770100000002,,0,0.0,0.0
338.0,1816977.0100000002,81.69770100000002,,0,0.0,0.0
0.0,1704649.4700000002,70.46494700000002,,0,6.5894802407676245,6.5894802407676245
320.0,1704649.4700000002,70.46494700000002,,0,0.0,6.5894802407676245
0.0,1678921.4700000002,67.89214700000002,,0,1.532412352794559,8.222870602756663
0.0,1678921.4700000002,67.89214700000002,,0,0.0,8.222870602756663
0.0,1678921.4700000002,67.89214700000002,,0,0.0,8.222870602756663
0.0,1678921.4700000002,67.89214700000002,,0,0.0,8.222870602756663
0.0,1678921.4700000002,67.89214700000002,,0,0.0,8.222870602756663
0.0,1678921.4700000002,67.89214700000002,,0,0.0,8.222870602756663
0.0,1678921.4700000002,67.89214700000002,,0,0.0,8.222870602756663
0.0,1678921.4700000002,67.89214700000002,,0,0.0,8.222870602756663
0.0,1678921.4700000002,67.89214700000002,,0,0.0,8.222870602756663
0.0,1678921.4700000002,67.89214700000002,,0,0.0,8.222870602756663
0.0,1678921.4700000002,67.89214700000002,,0,0.0,8.222870602756663
0.0,1678921.4700000002,67.89214700000002,,0,0.0,8.222870602756663
262.0,1678921.4700000002,67.89214700000002,,0,0.0,8.222870602756663
0.0,1683129.19,68.312919,,0,0.0,7.95232004739935
0.0,1683129.19,68.312919,,0,0.0,7.95232004739935
247.0,1683129.19,68.312919,,0,0.0,7.95232004739935
0.0,1668311.6600000001,66.83116600000002,,0,0.8881751746553035,8.911125754524791
0.0,1668311.6600000001,66.83116600000002,,0,0.0,8.911125754524791
0.0,1668311.6600000001,66.83116600000002,,0,0.0,8.911125754524791
0.0,1668311.6600000001,66.83116600000002,,0,0.0,8.911125754524791
0.0,1668311.6600000001,66.83116600000002,,0,0.0,8.911125754524791
0.0,1668311.6600000001,66.83116600000002,,0,0.0,8.911125754524791
0.0,1668311.6600000001,66.83116600000002,,0,0.0,8.911125754524791
0.0,1668311.6600000001,66.83116600000002,,0,0.0,8.911125754524791
0.0,1668311.6600000001,66.83116600000002,,0,0.0,8.911125754524791
0.0,1668311.6600000001,66.83116600000002,,0,0.0,8.911125754524791
0.0,1668311.6600000001,66.83116600000002,,0,0.0,8.911125754524791
0.0,1668311.6600000001,66.83116600000002,,0,0.0,8.911125754524791
0.0,1668311.6600000001,66.83116600000002,,0,0.0,8.911125754524791
234.0,1668311.6600000001,66.83116600000002,,0,0.0,8.911125754524791
0.0,1650904.4000000001,65.09044000000002,,0,1.0544075114222247,10.059492845255006
227.0,1650904.4000000001,65.09044000000002,,0,0.0,10.059492845255006
0.0,1621880.18,62.18801799999999,,0,1.7895415677377724,12.029053218962224
237.0,1621880.18,62.18801799999999,,0,0.0,12.029053218962224
0.0,1625326.16,62.532616,,0,0.0,11.791531737851333
228.0,1625326.16,62.532616,,0,0.0,11.791531737851333
0.0,1706779.16,70.677916,,0,0.0,6.456479700631002
0.0,1706779.16,70.677916,,0,0.0,6.456479700631002
0.0,1706779.16,70.677916,,0,0.0,6.456479700631002
0.0,1706779.16,70.677916,,0,0.0,6.456479700631002
0.0,1706779.16,70.677916,,0,0.0,6.456479700631002
0.0,1706779.16,70.677916,,0,0.0,6.456479700631002
194.0,1706779.16,70.677916,,0,0.0,6.456479700631002
0.0,1676016.58,67.60165800000001,,0,1.835457976197338,8.410443648475134
189.0,1676016.58,67.60165800000001,,0,0.0,8.410443648475134
0.0,1703438.59,70.34385900000001,,0,0.0,6.665248789508764
191.0,1703438.59,70.34385900000001,,0,0.0,6.665248789508764
0.0,1699198.39,69.919839,,0,0.24954119689344728,6.931422528007477
0.0,1699198.39,69.919839,,0,0.0,6.931422528007477
185.0,1699198.39,69.919839,,0,0.0,6.931422528007477
0.0,1855242.19,85.52421899999999,,0,0.0,0.0
189.0,1855242.19,85.52421899999999,,0,0.0,0.0
0.0,1805986.8999999997,80.59868999999998,,0,2.727333736473962,2.727333736473962
207.0,1805986.8999999997,80.59868999999998,,0,0.0,2.727333736473962
0.0,1772608.1499999997,77.26081499999997,,0,1.8830303809671645,4.661720640289299
0.0,1772608.1499999997,77.26081499999997,,0,0.0,4.661720640289299
190.0,1772608.1499999997,77.26081499999997,,0,0.0,4.661720640289299
0.0,1864304.0499999996,86.43040499999995,,0,0.0,0.0
0.0,1864304.0499999996,86.43040499999995,,0,0.0,0.0
0.0,1864304.0499999996,86.43040499999995,,0,0.0,0.0
0.0,1864304.0499999996,86.43040499999995,,0,0.0,0.0
0.0,1864304.0499999996,86.43040499999995,,0,0.0,0.0
0.0,1864304.0499999996,86.43040499999995,,0,0.0,0.0
0.0,1864304.0499999996,86.43040499999995,,0,0.0,0.0
205.0,1864304.0499999996,86.43040499999995,,0,0.0,0.0
0.0,1885080.7999999996,88.50807999999995,,0,0.0,0.0
0.0,1885080.7999999996,88.50807999999995,,0,0.0,0.0
0.0,1885080.7999999996,88.50807999999995,,0,0.0,0.0
0.0,1885080.7999999996,88.50807999999995,,0,0.0,0.0
0.0,1885080.7999999996,88.50807999999995,,0,0.0,0.0
0.0,1885080.7999999996,88.50807999999995,,0,0.0,0.0
0.0,1885080.7999999996,88.50807999999995,,0,0.0,0.0
0.0,1885080.7999999996,88.50807999999995,,0,0.0,0.0
0.0,1885080.7999999996,88.50807999999995,,0,0.0,0.0
0.0,1885080.7999999996,88.50807999999995,,0,0.0,0.0
184.0,1885080.7999999996,88.50807999999995,,0,0.0,0.0
0.0,1759458.4799999995,75.94584799999996,,0,7.139828613631173,7.139828613631173
182.0,1759458.4799999995,75.94584799999996,,0,0.0,7.139828613631173
0.0,1781811.7199999995,78.18117199999996,,0,0.0,5.795734691878674
0.0,1781811.7199999995,78.18117199999996,,0,0.0,5.795734691878674
0.0,1781811.7199999995,78.18117199999996,,0,0.0,5.795734691878674
0.0,1781811.7199999995,78.18117199999996,,0,0.0,5.795734691878674
0.0,1781811.7199999995,78.18117199999996,,0,0.0,5.795734691878674
0.0,1781811.7199999995,78.18117199999996,,0,0.0,5.795734691878674
0.0,1781811.7199999995,78.18117199999996,,0,0.0,5.795734691878674
191.0,1781811.7199999995,78.18117199999996,,0,0.0,5.795734691878674
0.0,1817095.1499999994,81.70951499999994,,0,0.0,3.7414468912098613
0.0,1817095.1499999994,81.70951499999994,,0,0.0,3.7414468912098613
194.0,1817095.1499999994,81.70951499999994,,0,0.0,3.7414468912098613
0.0,1833375.6299999994,83.33756299999993,,0,0.0,2.820216935031485
0.0,1833375.6299999994,83.33756299999993,,0,0.0,2.820216935031485
193.0,1833375.6299999994,83.33756299999993,,0,0.0,2.820216935031485
0.0,1818163.3699999996,81.81633699999996,,0,0.8366827894019105,3.6804959941526016
0.0,1818163.3699999996,81.81633699999996,,0,0.0,3.6804959941526016
0.0,1818163.3699999996,81.81633699999996,,0,0.0,3.6804959941526016
0.0,1818163.3699999996,81.81633699999996,,0,0.0,3.6804959941526016
187.0,1818163.3699999996,81.81633699999996,,0,0.0,3.6804959941526016
0.0,1806793.7699999996,80.67937699999995,,0,0.6292693825261583,4.332925611095064
0.0,1806793.7699999996,80.67937699999995,,0,0.0,4.332925611095064
0.0,1806793.7699999996,80.67937699999995,,0,0.0,4.332925611095064
0.0,1806793.7699999996,80.67937699999995,,0,0.0,4.332925611095064
0.0,1806793.7699999996,80.67937699999995,,0,0.0,4.332925611095064
0.0,1806793.7699999996,80.67937699999995,,0,0.0,4.332925611095064
0.0,1806793.7699999996,80.67937699999995,,0,0.0,4.332925611095064
0.0,1806793.7699999996,80.67937699999995,,0,0.0,4.332925611095064
0.0,1806793.7699999996,80.67937699999995,,0,0.0,4.332925611095064
0.0,1806793.7699999996,80.67937699999995,,0,0.0,4.332925611095064
0.0,1806793.7699999996,80.67937699999995,,0,0.0,4.332925611095064
0.0,1806793.7699999996,80.67937699999995,,0,0.0,4.332925611095064
0.0,1806793.7699999996,80.67937699999995,,0,0.0,4.332925611095064
193.0,1806793.7699999996,80.67937699999995,,0,0.0,4.332925611095064
0.0,1823548.0999999999,82.35480999999999,,0,0.0,3.374339289432493
0.0,1823548.0999999999,82.35480999999999,,0,0.0,3.374339289432493
0.0,1823548.0999999999,82.35480999999999,,0,0.0,3.374339289432493
0.0,1823548.0999999999,82.35480999999999,,0,0.0,3.374339289432493
0.0,1823548.0999999999,82.35480999999999,,0,0.0,3.374339289432493
0.0,1823548.0999999999,82.35480999999999,,0,0.0,3.374339289432493
0.0,1823548.0999999999,82.35480999999999,,0,0.0,3.374339289432493
0.0,1823548.0999999999,82.35480999999999,,0,0.0,3.374339289432493
0.0,1823548.0999999999,82.35480999999999,,0,0.0,3.374339289432493
0.0,1823548.0999999999,82.35480999999999,,0,0.0,3.374339289432493
199.0,1823548.0999999999,82.35480999999999,,0,0.0,3.374339289432493
0.0,1820372.0599999996,82.03720599999997,,0,0.17447202524083294,3.5546985927700963
0.0,1820372.0599999996,82.03720599999997,,0,0.0,3.5546985927700963
0.0,1820372.0599999996,82.03720599999997,,0,0.0,3.5546985927700963
193.0,1820372.0599999996,82.03720599999997,,0,0.0,3.5546985927700963
0.0,1845106.9399999995,84.51069399999996,,0,0.0,2.1664793044461756
192.0,1845106.9399999995,84.51069399999996,,0,0.0,2.1664793044461756
0.0,1832536.6999999993,83.25366999999993,,0,0.6859475174494584,2.8672877329005386
188.0,1832536.6999999993,83.25366999999993,,0,0.0,2.8672877329005386
0.0,1875987.2599999995,87.59872599999994,,0,0.0,0.48473356903287496
170.0,1875987.2599999995,87.59872599999994,,0,0.0,0.48473356903287496
0.0,1854959.9599999997,85.49599599999998,,0,1.133571637848173,1.6238000091387337
167.0,1854959.9599999997,85.49599599999998,,0,0.0,1.6238000091387337
0.0,1854806.3199999998,85.48063199999999,,0,0.008283344645919557,1.6322178587357712
163.0,1854806.3199999998,85.48063199999999,,0,0.0,1.6322178587357712
0.0,1930717.05,93.07170500000001,,0,0.0,0.0
174.0,1930717.05,93.07170500000001,,0,0.0,0.0
0.0,1956549.0899999999,95.65490899999999,,0,0.0,0.0
174.0,1956549.0899999999,95.65490899999999,,0,0.0,0.0
0.0,2052760.6500000001,105.27606500000002,,0,0.0,0.0
174.0,2052760.6500000001,105.27606500000002,,0,0.0,0.0
0.0,2023488.6300000004,102.34886300000004,,0,1.4466115384102645,1.4466115384102645
172.0,2023488.6300000004,102.34886300000004,,0,0.0,1.4466115384102645
0.0,2009775.0700000003,100.97750700000003,,0,0.682343024585336,2.138825415920789
168.0,2009775.0700000003,100.97750700000003,,0,0.0,2.138825415920789
0.0,1925633.9500000002,92.56339500000001,,0,4.369528279245394,6.60181027655853
0.0,1925633.9500000002,92.56339500000001,,0,0.0,6.60181027655853
0.0,1925633.9500000002,92.56339500000001,,0,0.0,6.60181027655853
0.0,1925633.9500000002,92.56339500000001,,0,0.0,6.60181027655853
0.0,1925633.9500000002,92.56339500000001,,0,0.0,6.60181027655853
0.0,1925633.9500000002,92.56339500000001,,0,0.0,6.60181027655853
156.0,1925633.9500000002,92.56339500000001,,0,0.0,6.60181027655853
0.0,1873199.2300000004,87.31992300000005,,0,2.7992067880574414,9.58581538601207
159.0,1873199.2300000004,87.31992300000005,,0,0.0,9.58581538601207
0.0,1888933.8700000003,88.89338700000003,,0,0.0,8.672975936420674
0.0,1888933.8700000003,88.89338700000003,,0,0.0,8.672975936420674
0.0,1888933.8700000003,88.89338700000003,,0,0.0,8.672975936420674
0.0,1888933.8700000003,88.89338700000003,,0,0.0,8.672975936420674
0.0,1888933.8700000003,88.89338700000003,,0,0.0,8.672975936420674
0.0,1888933.8700000003,88.89338700000003,,0,0.0,8.672975936420674
0.0,1888933.8700000003,88.89338700000003,,0,0.0,8.672975936420674
0.0,1888933.8700000003,88.89338700000003,,0,0.0,8.672975936420674
0.0,1888933.8700000003,88.89338700000003,,0,0.0,8.672975936420674
0.0,1888933.8700000003,88.89338700000003,,0,0.0,8.672975936420674
0.0,1888933.8700000003,88.89338700000003,,0,0.0,8.672975936420674
0.0,1888933.8700000003,88.89338700000003,,0,0.0,8.672975936420674
0.0,1888933.8700000003,88.89338700000003,,0,0.0,8.672975936420674
0.0,1888933.8700000003,88.89338700000003,,0,0.0,8.672975936420674
186.0,1888933.8700000003,88.89338700000003,,0,0.0,8.672975936420674
0.0,1832129.4700000004,83.21294700000004,,0,3.100457742214031,12.042335632535819
180.0,1832129.4700000004,83.21294700000004,,0,0.0,12.042335632535819
0.0,1816017.6700000004,81.60176700000004,,0,0.8872050237264509,13.036380862968128
0.0,1816017.6700000004,81.60176700000004,,0,0.0,13.036380862968128
0.0,1816017.6700000004,81.60176700000004,,0,0.0,13.036380862968128
0.0,1816017.6700000004,81.60176700000004,,0,0.0,13.036380862968128
0.0,1816017.6700000004,81.60176700000004,,0,0.0,13.036380862968128
0.0,1816017.6700000004,81.60176700000004,,0,0.0,13.036380862968128
0.0,1816017.6700000004,81.60176700000004,,0,0.0,13.036380862968128
0.0,1816017.6700000004,81.60176700000004,,0,0.0,13.036380862968128
0.0,1816017.6700000004,81.60176700000004,,0,0.0,13.036380862968128
0.0,1816017.6700000004,81.60176700000004,,0,0.0,13.036380862968128
0.0,1816017.6700000004,81.60176700000004,,0,0.0,13.036380862968128
0.0,1816017.6700000004,81.60176700000004,,0,0.0,13.036380862968128
0.0,1816017.6700000004,81.60176700000004,,0,0.0,13.036380862968128
0.0,1816017.6700000004,81.60176700000004,,0,0.0,13.036380862968128
0.0,1816017.6700000004,81.60176700000004,,0,0.0,13.036380862968128
174.0,1816017.6700000004,81.60176700000004,,0,0.0,13.036380862968128
0.0,1796461.8100000003,79.64618100000003,,0,1.0885764390393637,14.266868272585201
0.0,1796461.8100000003,79.64618100000003,,0,0.0,14.266868272585201
0.0,1796461.8100000003,79.64618100000003,,0,0.0,14.266868272585201
0.0,1796461.8100000003,79.64618100000003,,0,0.0,14.266868272585201
0.0,1796461.8100000003,79.64618100000003,,0,0.0,14.266868272585201
166.0,1796461.8100000003,79.64618100000003,,0,0.0,14.266868272585201
0.0,1783492.2300000004,78.34922300000005,,0,0.7272013739022478,15.097818508578511
0.0,1783492.2300000004,78.34922300000005,,0,0.0,15.097818508578511
0.0,1783492.2300000004,78.34922300000005,,0,0.0,15.097818508578511
167.0,1783492.2300000004,78.34922300000005,,0,0.0,15.097818508578511
0.0,1791630.1400000004,79.16301400000003,,0,0.0,14.575023280195529
169.0,1791630.1400000004,79.16301400000003,,0,0.0,14.575023280195529
0.0,1770577.8100000005,77.05778100000005,,0,1.18900902751062,15.937330650269447
0.0,1770577.8100000005,77.05778100000005,,0,0.0,15.937330650269447
0.0,1770577.8100000005,77.05778100000005,,0,0.0,15.937330650269447
0.0,1770577.8100000005,77.05778100000005,,0,0.0,15.937330650269447
0.0,1770577.8100000005,77.05778100000005,,0,0.0,15.937330650269447
160.0,1770577.8100000005,77.05778100000005,,0,0.0,15.937330650269447
0.0,1809390.6100000006,80.93906100000005,,0,0.0,13.450387033897535
0.0,1809390.6100000006,80.93906100000005,,0,0.0,13.450387033897535
156.0,1809390.6100000006,80.93906100000005,,0,0.0,13.450387033897535
0.0,1792590.9700000004,79.25909700000004,,0,0.9371708482945291,14.513610988456538
156.0,1792590.9700000004,79.25909700000004,,0,0.0,14.513610988456538
0.0,1806198.8500000008,80.61988500000008,,0,0.0,13.650866846692944
159.0,1806198.8500000008,80.61988500000008,,0,0.0,13.650866846692944
0.0,1812698.770000001,81.2698770000001,,0,0.0,13.243341032332639
157.0,1812698.770000001,81.2698770000001,,0,0.0,13.243341032332639
0.0,1851686.5800000008,85.16865800000008,,0,0.0,10.85896890822632
155.0,1851686.5800000008,85.16865800000008,,0,0.0,10.85896890822632
0.0,1986686.9300000006,98.66869300000006,,0,0.0,3.3258244669682044
153.0,1986686.9300000006,98.66869300000006,,0,0.0,3.3258244669682044
0.0,1979733.0800000005,97.97330800000006,,0,0.3512518970486714,3.6887583855496104
150.0,1979733.0800000005,97.97330800000006,,0,0.0,3.6887583855496104
0.0,1967298.0800000005,96.72980800000005,,0,0.6320851998188295,4.344159681180575
150.0,1967298.0800000005,96.72980800000005,,0,0.0,4.344159681180575
0.0,2054895.0800000005,105.48950800000006,,0,0.0,0.0
154.0,2054895.0800000005,105.48950800000006,,0,0.0,0.0
0.0,2084047.2800000007,108.40472800000008,,0,0.0,0.0
153.0,2084047.2800000007,108.40472800000008,,0,0.0,0.0
0.0,2119374.9800000004,111.93749800000003,,0,0.0,0.0
154.0,2119374.9800000004,111.93749800000003,,0,0.0,0.0
0.0,2086706.9600000007,108.67069600000005,,0,1.5655298336667154,1.5655298336667154
148.0,2086706.9600000007,108.67069600000005,,0,0.0,1.5655298336667154
0.0,2104538.0000000005,110.45380000000004,,0,0.0,0.7049993870388644
134.0,2104538.0000000005,110.45380000000004,,0,0.0,0.7049993870388644
0.0,2103184.6000000006,110.31846000000004,,0,0.06435003375357097,0.7698030881359574
141.0,2103184.6000000006,110.31846000000004,,0,0.0,0.7698030881359574
0.0,2195793.400000001,119.57934000000007,,0,0.0,0.0
143.0,2195793.400000001,119.57934000000007,,0,0.0,0.0
0.0,2191331.8000000007,119.13318000000008,,0,0.20360221122150884,0.20360221122150884
139.0,2191331.8000000007,119.13318000000008,,0,0.0,0.20360221122150884
0.0,2275790.980000001,127.57909800000009,,0,0.0,0.0
0.0,2275790.980000001,127.57909800000009,,0,0.0,0.0
0.0,2275790.980000001,127.57909800000009,,0,0.0,0.0
0.0,2275790.980000001,127.57909800000009,,0,0.0,0.0
136.0,2275790.980000001,127.57909800000009,,0,0.0,0.0
0.0,2404421.140000001,140.44211400000012,,0,0.0,0.0
135.0,2404421.140000001,140.44211400000012,,0,0.0,0.0
0.0,2408025.6400000015,140.80256400000016,,0,0.0,0.0
129.0,2408025.6400000015,140.80256400000016,,0,0.0,0.0
0.0,2414234.4100000015,141.42344100000014,,0,0.0,0.0
0.0,2414234.4100000015,141.42344100000014,,0,0.0,0.0
0.0,2414234.4100000015,141.42344100000014,,0,0.0,0.0
126.0,2414234.4100000015,141.42344100000014,,0,0.0,0.0
0.0,2358681.0100000016,135.86810100000017,,0,2.355273975771733,2.355273975771733
137.0,2358681.0100000016,135.86810100000017,,0,0.0,2.355273975771733
0.0,2357317.8600000017,135.73178600000017,,0,0.057826312824860455,2.4144622566937057
133.0,2357317.8600000017,135.73178600000017,,0,0.0,2.4144622566937057
0.0,2419181.4800000023,141.91814800000023,,0,0.0,0.0
122.0,2419181.4800000023,141.91814800000023,,0,0.0,0.0
0.0,2305610.4600000028,130.56104600000026,,0,4.9258546476233205,4.9258546476233205
0.0,2305610.4600000028,130.56104600000026,,0,0.0,4.9258546476233205
0.0,2305610.4600000028,130.56104600000026,,0,0.0,4.9258546476233205
0.0,2305610.4600000028,130.56104600000026,,0,0.0,4.9258546476233205
0.0,2305610.4600000028,130.56104600000026,,0,0.0,4.9258546476233205
0.0,2305610.4600000028,130.56104600000026,,0,0.0,4.9258546476233205
0.0,2305610.4600000028,130.56104600000026,,0,0.0,4.9258546476233205
0.0,2305610.4600000028,130.56104600000026,,0,0.0,4.9258546476233205
0.0,2305610.4600000028,130.56104600000026,,0,0.0,4.9258546476233205
0.0,2305610.4600000028,130.56104600000026,,0,0.0,4.9258546476233205
0.0,2305610.4600000028,130.56104600000026,,0,0.0,4.9258546476233205
0.0,2305610.4600000028,130.56104600000026,,0,0.0,4.9258546476233205
0.0,2305610.4600000028,130.56104600000026,,0,0.0,4.9258546476233205
0.0,2305610.4600000028,130.56104600000026,,0,0.0,4.9258546476233205
0.0,2305610.4600000028,130.56104600000026,,0,0.0,4.9258546476233205
108.0,2305610.4600000028,130.56104600000026,,0,0.0,4.9258546476233205
0.0,2463467.5800000024,146.34675800000022,,0,0.0,0.0
106.0,2463467.5800000024,146.34675800000022,,0,0.0,0.0
0.0,2539174.9000000027,153.91749000000027,,0,0.0,0.0
108.0,2539174.9000000027,153.91749000000027,,0,0.0,0.0
0.0,2459707.4200000023,145.97074200000023,,0,3.230769617306776,3.230769617306776
103.0,2459707.4200000023,145.97074200000023,,0,0.0,3.230769617306776
0.0,2400170.330000002,140.0170330000002,,0,2.480536037623641,5.791446059580307
101.0,2400170.330000002,140.0170330000002,,0,0.0,5.791446059580307
0.0,2499480.600000002,149.9480600000002,,0,0.0,1.5881019440599264
94.0,2499480.600000002,149.9480600000002,,0,0.0,1.5881019440599264
0.0,2479577.980000002,147.95779800000017,,0,0.8026615884046566,2.4035106167542595
91.0,2479577.980000002,147.95779800000017,,0,0.0,2.4035106167542595
0.0,2507386.670000002,150.7386670000002,,0,0.0,1.2677833211899818
86.0,2507386.670000002,150.7386670000002,,0,0.0,1.2677833211899818
0.0,2511522.410000002,151.1522410000002,,0,0.0,1.1010250153412195
0.0,2511522.410000002,151.1522410000002,,0,0.0,1.1010250153412195
78.0,2511522.410000002,151.1522410000002,,0,0.0,1.1010250153412195
0.0,2575616.570000002,157.56165700000022,,0,0.0,0.0
80.0,2575616.570000002,157.56165700000022,,0,0.0,0.0
0.0,2732482.1700000023,173.2482170000002,,0,0.0,0.0
74.0,2732482.1700000023,173.2482170000002,,0,0.0,0.0
0.0,2929538.250000002,192.95382500000017,,0,0.0,0.0
72.0,2929538.250000002,192.95382500000017,,0,0.0,0.0
0.0,2893927.770000002,189.3927770000002,,0,1.230524146772328,1.230524146772328
75.0,2893927.770000002,189.3927770000002,,0,0.0,1.230524146772328
0.0,2688011.5200000023,168.80115200000023,,0,7.660541945891637,8.985330911081784
0.0,2688011.5200000023,168.80115200000023,,0,0.0,8.985330911081784
71.0,2688011.5200000023,168.80115200000023,,0,0.0,8.985330911081784
0.0,2813903.0400000024,181.39030400000024,,0,0.0,4.109424111500281
0.0,2813903.0400000024,181.39030400000024,,0,0.0,4.109424111500281
0.0,2813903.0400000024,181.39030400000024,,0,0.0,4.109424111500281
0.0,2813903.0400000024,181.39030400000024,,0,0.0,4.109424111500281
0.0,2813903.0400000024,181.39030400000024,,0,0.0,4.109424111500281
0.0,2813903.0400000024,181.39030400000024,,0,0.0,4.109424111500281
0.0,2813903.0400000024,181.39030400000024,,0,0.0,4.109424111500281
91.0,2813903.0400000024,181.39030400000024,,0,0.0,4.109424111500281
0.0,3004551.680000002,200.45516800000019,,0,0.0,0.0
93.0,3004551.680000002,200.45516800000019,,0,0.0,0.0
0.0,3021468.380000002,202.14683800000023,,0,0.0,0.0
0.0,3021468.380000002,202.14683800000023,,0,0.0,0.0
0.0,3021468.380000002,202.14683800000023,,0,0.0,0.0
0.0,3021468.380000002,202.14683800000023,,0,0.0,0.0
0.0,3021468.380000002,202.14683800000023,,0,0.0,0.0
88.0,3021468.380000002,202.14683800000023,,0,0.0,0.0
0.0,3022408.2200000025,202.24082200000026,,0,0.0,0.0
91.0,3022408.2200000025,202.24082200000026,,0,0.0,0.0
0.0,3061846.7100000028,206.1846710000003,,0,0.0,0.0
86.0,3061846.7100000028,206.1846710000003,,0,0.0,0.0
0.0,3246972.8900000034,224.69728900000035,,0,0.0,0.0
0.0,3246972.8900000034,224.69728900000035,,0,0.0,0.0
0.0,3246972.8900000034,224.69728900000035,,0,0.0,0.0
82.0,3246972.8900000034,224.69728900000035,,0,0.0,0.0
0.0,3214890.3900000034,221.48903900000033,,0,0.9979344894554855,0.9979344894554855
69.0,3214890.3900000034,221.48903900000033,,0,0.0,0.9979344894554855
0.0,3218033.340000003,221.8033340000003,,0,0.0,0.899293044614642
71.0,3218033.340000003,221.8033340000003,,0,0.0,0.899293044614642
0.0,3442530.370000003,244.25303700000026,,0,0.0,0.0
0.0,3442530.370000003,244.25303700000026,,0,0.0,0.0
0.0,3442530.370000003,244.25303700000026,,0,0.0,0.0
0.0,3442530.370000003,244.25303700000026,,0,0.0,0.0
0.0,3442530.370000003,244.25303700000026,,0,0.0,0.0
0.0,3442530.370000003,244.25303700000026,,0,0.0,0.0
0.0,3442530.370000003,244.25303700000026,,0,0.0,0.0
66.0,3442530.370000003,244.25303700000026,,0,0.0,0.0
0.0,3729854.770000003,272.9854770000003,,0,0.0,0.0
0.0,3729854.770000003,272.9854770000003,,0,0.0,0.0
64.0,3729854.770000003,272.9854770000003,,0,0.0,0.0
0.0,3517317.1700000027,251.7317170000003,,0,6.042605478197462,6.042605478197462
0.0,3517317.1700000027,251.7317170000003,,0,0.0,6.042605478197462
0.0,3517317.1700000027,251.7317170000003,,0,0.0,6.042605478197462
74.0,3517317.1700000027,251.7317170000003,,0,0.0,6.042605478197462
0.0,3458349.530000003,245.83495300000033,,0,1.705080400013807,7.850717159870174
0.0,3458349.530000003,245.83495300000033,,0,0.0,7.850717159870174
0.0,3458349.530000003,245.83495300000033,,0,0.0,7.850717159870174
69.0,3458349.530000003,245.83495300000033,,0,0.0,7.850717159870174
0.0,3379249.3100000033,237.92493100000033,,0,2.3407630732045535,10.375246921334702
0.0,3379249.3100000033,237.92493100000033,,0,0.0,10.375246921334702
0.0,3379249.3100000033,237.92493100000033,,0,0.0,10.375246921334702
0.0,3379249.3100000033,237.92493100000033,,0,0.0,10.375246921334702
69.0,3379249.3100000033,237.92493100000033,,0,0.0,10.375246921334702
0.0,3523428.2600000035,252.34282600000034,,0,0.0,5.858683497077903
0.0,3523428.2600000035,252.34282600000034,,0,0.0,5.858683497077903
0.0,3523428.2600000035,252.34282600000034,,0,0.0,5.858683497077903
63.0,3523428.2600000035,252.34282600000034,,0,0.0,5.858683497077903
0.0,3644487.1700000037,264.4487170000004,,0,0.0,2.342376197746337
0.0,3644487.1700000037,264.4487170000004,,0,0.0,2.342376197746337
59.0,3644487.1700000037,264.4487170000004,,0,0.0,2.342376197746337
0.0,3513502.450000004,251.35024500000037,,0,3.728038385173165,6.157739266696645
63.0,3513502.450000004,251.35024500000037,,0,0.0,6.157739266696645
0.0,3595122.1000000043,259.51221000000044,,0,0.0,3.7476521312029534
61.0,3595122.1000000043,259.51221000000044,,0,0.0,3.7476521312029534
0.0,3517968.6900000046,251.79686900000044,,0,2.193123839314203,6.022966622821135
0.0,3517968.6900000046,251.79686900000044,,0,0.0,6.022966622821135
0.0,3517968.6900000046,251.79686900000044,,0,0.0,6.022966622821135
0.0,3517968.6900000046,251.79686900000044,,0,0.0,6.022966622821135
0.0,3517968.6900000046,251.79686900000044,,0,0.0,6.022966622821135
0.0,3517968.6900000046,251.79686900000044,,0,0.0,6.022966622821135
67.0,3517968.6900000046,251.79686900000044,,0,0.0,6.022966622821135
0.0,3450307.400000004,245.03074000000043,,0,1.9610220816846762,8.102100409951833
62.0,3450307.400000004,245.03074000000043,,0,0.0,8.102100409951833
0.0,3499383.5000000047,249.9383500000005,,0,0.0,6.58605351485477
0.0,3499383.5000000047,249.9383500000005,,0,0.0,6.58605351485477
60.0,3499383.5000000047,249.9383500000005,,0,0.0,6.58605351485477
0.0,3566049.5000000047,256.60495000000043,,0,0.0,4.593465962825192
0.0,3566049.5000000047,256.60495000000043,,0,0.0,4.593465962825192
0.0,3566049.5000000047,256.60495000000043,,0,0.0,4.593465962825192
60.0,3566049.5000000047,256.60495000000043,,0,0.0,4.593465962825192
0.0,3452165.300000005,245.2165300000005,,0,3.2989208251412396,8.043921593209847
0.0,3452165.300000005,245.2165300000005,,0,0.0,8.043921593209847
58.0,3452165.300000005,245.2165300000005,,0,0.0,8.043921593209847
0.0,3386112.580000005,238.6112580000005,,0,1.950694740338481,10.151528688984024
60.0,3386112.580000005,238.6112580000005,,0,0.0,10.151528688984024
0.0,3513556.780000005,251.3556780000005,,0,0.0,6.156097753456473
60.0,3513556.780000005,251.3556780000005,,0,0.0,6.156097753456473
0.0,3611152.180000005,261.1152180000005,,0,0.0,3.2871112620902574
0.0,3611152.180000005,261.1152180000005,,0,0.0,3.2871112620902574
60.0,3611152.180000005,261.1152180000005,,0,0.0,3.2871112620902574
0.0,3834052.180000005,283.4052180000005,,0,0.0,0.0
60.0,3834052.180000005,283.4052180000005,,0,0.0,0.0
0.0,3846079.1800000053,284.6079180000005,,0,0.0,0.0
62.0,3846079.1800000053,284.6079180000005,,0,0.0,0.0
0.0,3763734.5000000056,276.37345000000056,,0,2.1878450778076823,2.1878450778076823
0.0,3763734.5000000056,276.37345000000056,,0,0.0,2.1878450778076823
67.0,3763734.5000000056,276.37345000000056,,0,0.0,2.1878450778076823
0.0,3710679.8800000055,271.0679880000006,,0,1.4297816496097215,3.6489081348617876
68.0,3710679.8800000055,271.0679880000006,,0,0.0,3.6489081348617876
0.0,3853253.4400000055,285.32534400000054,,0,0.0,0.0
75.0,3853253.4400000055,285.32534400000054,,0,0.0,0.0
0.0,3934050.9400000055,293.40509400000053,,0,0.0,0.0
80.0,3934050.9400000055,293.40509400000053,,0,0.0,0.0
0.0,3539281.3400000054,253.92813400000054,,0,11.153947993295144,11.153947993295144
0.0,3539281.3400000054,253.92813400000054,,0,0.0,11.153947993295144
64.0,3539281.3400000054,253.92813400000054,,0,0.0,11.153947993295144
0.0,3621919.4200000055,262.19194200000055,,0,0.0,8.617848267866753
0.0,3621919.4200000055,262.19194200000055,,0,0.0,8.617848267866753
0.0,3621919.4200000055,262.19194200000055,,0,0.0,8.617848267866753
0.0,3621919.4200000055,262.19194200000055,,0,0.0,8.617848267866753
0.0,3621919.4200000055,262.19194200000055,,0,0.0,8.617848267866753
0.0,3621919.4200000055,262.19194200000055,,0,0.0,8.617848267866753
0.0,3621919.4200000055,262.19194200000055,,0,0.0,8.617848267866753
0.0,3621919.4200000055,262.19194200000055,,0,0.0,8.617848267866753
0.0,3621919.4200000055,262.19194200000055,,0,0.0,8.617848267866753
0.0,3621919.4200000055,262.19194200000055,,0,0.0,8.617848267866753
0.0,3621919.4200000055,262.19194200000055,,0,0.0,8.617848267866753
64.0,3621919.4200000055,262.19194200000055,,0,0.0,8.617848267866753
0.0,3567271.1000000057,256.72711000000055,,0,1.531936274761953,10.281804486348102
71.0,3567271.1000000057,256.72711000000055,,0,0.0,10.281804486348102
0.0,3564455.950000006,256.4455950000006,,0,0.07897839220035535,10.368903282420959
71.0,3564455.950000006,256.4455950000006,,0,0.0,10.368903282420959
0.0,3783026.610000006,278.3026610000006,,0,0.0,3.992156164082583
81.0,3783026.610000006,278.3026610000006,,0,0.0,3.992156164082583
0.0,4017396.8700000057,301.7396870000006,,0,0.0,0.0
93.0,4017396.8700000057,301.7396870000006,,0,0.0,0.0
0.0,4590248.040000006,359.02480400000053,,0,0.0,0.0
113.0,4590248.040000006,359.02480400000053,,0,0.0,0.0
0.0,4960281.230000005,396.0281230000005,,0,0.0,0.0
132.0,4960281.230000005,396.0281230000005,,0,0.0,0.0
0.0,5329152.590000005,432.91525900000056,,0,0.0,0.0
137.0,5329152.590000005,432.91525900000056,,0,0.0,0.0
0.0,5393757.680000005,439.37576800000056,,0,0.0,0.0
137.0,5393757.680000005,439.37576800000056,,0,0.0,0.0
0.0,5491292.090000005,449.1292090000005,,0,0.0,0.0
153.0,5491292.090000005,449.1292090000005,,0,0.0,0.0
0.0,5653218.110000005,465.32181100000054,,0,0.0,0.0
0.0,5653218.110000005,465.32181100000054,,0,0.0,0.0
0.0,5653218.110000005,465.32181100000054,,0,0.0,0.0
0.0,5653218.110000005,465.32181100000054,,0,0.0,0.0
0.0,5653218.110000005,465.32181100000054,,0,0.0,0.0
0.0,5653218.110000005,465.32181100000054,,0,0.0,0.0
0.0,5653218.110000005,465.32181100000054,,0,0.0,0.0
0.0,5653218.110000005,465.32181100000054,,0,0.0,0.0
0.0,5653218.110000005,465.32181100000054,,0,0.0,0.0
0.0,5653218.110000005,465.32181100000054,,0,0.0,0.0
0.0,5653218.110000005,465.32181100000054,,0,0.0,0.0
0.0,5653218.110000005,465.32181100000054,,0,0.0,0.0
0.0,5653218.110000005,465.32181100000054,,0,0.0,0.0
0.0,5653218.110000005,465.32181100000054,,0,0.0,0.0
0.0,5653218.110000005,465.32181100000054,,0,0.0,0.0
0.0,5653218.110000005,465.32181100000054,,0,0.0,0.0
0.0,5653218.110000005,465.32181100000054,,0,0.0,0.0
0.0,5653218.110000005,465.32181100000054,,0,0.0,0.0
0.0,5653218.110000005,465.32181100000054,,0,0.0,0.0
0.0,5653218.110000005,465.32181100000054,,0,0.0,0.0
0.0,5653218.110000005,465.32181100000054,,0,0.0,0.0
0.0,5653218.110000005,465.32181100000054,,0,0.0,0.0
0.0,5653218.110000005,465.32181100000054,,0,0.0,0.0
178.0,5653218.110000005,465.32181100000054,,0,0.0,0.0
0.0,5492905.970000004,449.29059700000045,,0,2.918530571532803,2.918530571532803
163.0,5492905.970000004,449.29059700000045,,0,0.0,2.918530571532803
0.0,5332347.710000005,433.2347710000005,,0,3.011023825376152,6.017432047768695
168.0,5332347.710000005,433.2347710000005,,0,0.0,6.017432047768695
0.0,5214882.110000004,421.4882110000004,,0,2.252507295893607,8.405482439563732
0.0,5214882.110000004,421.4882110000004,,0,0.0,8.405482439563732
0.0,5214882.110000004,421.4882110000004,,0,0.0,8.405482439563732
0.0,5214882.110000004,421.4882110000004,,0,0.0,8.405482439563732
0.0,5214882.110000004,421.4882110000004,,0,0.0,8.405482439563732
0.0,5214882.110000004,421.4882110000004,,0,0.0,8.405482439563732
0.0,5214882.110000004,421.4882110000004,,0,0.0,8.405482439563732
0.0,5214882.110000004,421.4882110000004,,0,0.0,8.405482439563732
0.0,5214882.110000004,421.4882110000004,,0,0.0,8.405482439563732
154.0,5214882.110000004,421.4882110000004,,0,0.0,8.405482439563732
0.0,5296482.0900000045,429.6482090000005,,0,0.0,6.7353389275786295
0.0,5296482.0900000045,429.6482090000005,,0,0.0,6.7353389275786295
0.0,5296482.0900000045,429.6482090000005,,0,0.0,6.7353389275786295
0.0,5296482.0900000045,429.6482090000005,,0,0.0,6.7353389275786295
0.0,5296482.0900000045,429.6482090000005,,0,0.0,6.7353389275786295
0.0,5296482.0900000045,429.6482090000005,,0,0.0,6.7353389275786295
0.0,5296482.0900000045,429.6482090000005,,0,0.0,6.7353389275786295
0.0,5296482.0900000045,429.6482090000005,,0,0.0,6.7353389275786295
0.0,5296482.0900000045,429.6482090000005,,0,0.0,6.7353389275786295
0.0,5296482.0900000045,429.6482090000005,,0,0.0,6.7353389275786295
0.0,5296482.0900000045,429.6482090000005,,0,0.0,6.7353389275786295
168.0,5296482.0900000045,429.6482090000005,,0,0.0,6.7353389275786295
0.0,5253055.770000004,425.3055770000004,,0,0.8266868257520947,7.6177059129147695
0.0,5253055.770000004,425.3055770000004,,0,0.0,7.6177059129147695
176.0,5253055.770000004,425.3055770000004,,0,0.0,7.6177059129147695
0.0,4838723.610000004,383.8723610000004,,0,8.562839984158547,16.83283786485999
149.0,4838723.610000004,383.8723610000004,,0,0.0,16.83283786485999
0.0,5039316.350000003,403.93163500000037,,0,0.0,12.182242934599676
147.0,5039316.350000003,403.93163500000037,,0,0.0,12.182242934599676
0.0,5204379.710000003,420.4379710000003,,0,0.0,8.624243906292572
139.0,5204379.710000003,420.4379710000003,,0,0.0,8.624243906292572
0.0,5512997.240000004,451.2997240000004,,0,0.0,2.5434598258569223
137.0,5512997.240000004,451.2997240000004,,0,0.0,2.5434598258569223
0.0,5512575.280000005,451.25752800000043,,0,0.0076544986429469865,2.5513090135977237
130.0,5512575.280000005,451.25752800000043,,0,0.0,2.5513090135977237
0.0,5415785.080000005,441.57850800000045,,0,1.7871868726371265,4.3840925460062765
0.0,5415785.080000005,441.57850800000045,,0,0.0,4.3840925460062765
0.0,5415785.080000005,441.57850800000045,,0,0.0,4.3840925460062765
141.0,5415785.080000005,441.57850800000045,,0,0.0,4.3840925460062765
0.0,5629559.410000004,462.9559410000004,,0,0.0,0.4202584656620775
137.0,5629559.410000004,462.9559410000004,,0,0.0,0.4202584656620775
0.0,5900053.580000005,490.0053580000005,,0,0.0,0.0
132.0,5900053.580000005,490.0053580000005,,0,0.0,0.0
0.0,5797335.140000005,479.73351400000047,,0,1.7718216649451697,1.7718216649451697
125.0,5797335.140000005,479.73351400000047,,0,0.0,1.7718216649451697
0.0,5713783.890000005,471.37838900000054,,0,1.4622752909193408,3.2600058662701596
0.0,5713783.890000005,471.37838900000054,,0,0.0,3.2600058662701596
0.0,5713783.890000005,471.37838900000054,,0,0.0,3.2600058662701596
119.0,5713783.890000005,471.37838900000054,,0,0.0,3.2600058662701596
0.0,5626736.580000006,462.67365800000056,,0,1.5470301259420163,4.8574692650708515
0.0,5626736.580000006,462.67365800000056,,0,0.0,4.8574692650708515
0.0,5626736.580000006,462.67365800000056,,0,0.0,4.8574692650708515
0.0,5626736.580000006,462.67365800000056,,0,0.0,4.8574692650708515
0.0,5626736.580000006,462.67365800000056,,0,0.0,4.8574692650708515
0.0,5626736.580000006,462.67365800000056,,0,0.0,4.8574692650708515
0.0,5626736.580000006,462.67365800000056,,0,0.0,4.8574692650708515
115.0,5626736.580000006,462.67365800000056,,0,0.0,4.8574692650708515
0.0,5674731.830000005,467.4731830000005,,0,0.0,3.97061494269765
114.0,5674731.830000005,467.4731830000005,,0,0.0,3.97061494269765
0.0,5467840.070000006,446.78400700000054,,0,3.7837931861821743,7.904647986531149
0.0,5467840.070000006,446.78400700000054,,0,0.0,7.904647986531149
0.0,5467840.070000006,446.78400700000054,,0,0.0,7.904647986531149
0.0,5467840.070000006,446.78400700000054,,0,0.0,7.904647986531149
111.0,5467840.070000006,446.78400700000054,,0,0.0,7.904647986531149
0.0,5453685.350000006,445.3685350000006,,0,0.2595441264318581,8.184708162527162
0.0,5453685.350000006,445.3685350000006,,0,0.0,8.184708162527162
0.0,5453685.350000006,445.3685350000006,,0,0.0,8.184708162527162
0.0,5453685.350000006,445.3685350000006,,0,0.0,8.184708162527162
0.0,5453685.350000006,445.3685350000006,,0,0.0,8.184708162527162
0.0,5453685.350000006,445.3685350000006,,0,0.0,8.184708162527162
109.0,5453685.350000006,445.3685350000006,,0,0.0,8.184708162527162
0.0,5654380.510000006,465.43805100000066,,0,0.0,4.344827334586263
107.0,5654380.510000006,465.43805100000066,,0,0.0,4.344827334586263
0.0,5033762.320000007,403.3762320000007,,0,12.329111915637657,17.209617874846277
0.0,5033762.320000007,403.3762320000007,,0,0.0,17.209617874846277
108.0,5033762.320000007,403.3762320000007,,0,0.0,17.209617874846277
0.0,5200539.160000007,420.0539160000007,,0,0.0,13.450805742995254
0.0,5200539.160000007,420.0539160000007,,0,0.0,13.450805742995254
112.0,5200539.160000007,420.0539160000007,,0,0.0,13.450805742995254
0.0,5079074.0400000075,407.9074040000007,,0,2.391481578008243,16.163960862440906
0.0,5079074.0400000075,407.9074040000007,,0,0.0,16.163960862440906
105.0,5079074.0400000075,407.9074040000007,,0,0.0,16.163960862440906
0.0,5038797.090000006,403.8797090000006,,0,0.7993366130963029,17.092501932837255
0.0,5038797.090000006,403.8797090000006,,0,0.0,17.092501932837255
0.0,5038797.090000006,403.8797090000006,,0,0.0,17.092501932837255
0.0,5038797.090000006,403.8797090000006,,0,0.0,17.092501932837255
117.0,5038797.090000006,403.8797090000006,,0,0.0,17.092501932837255
0.0,5305702.170000007,430.5702170000007,,0,0.0,11.202125391821543
121.0,5305702.170000007,430.5702170000007,,0,0.0,11.202125391821543
0.0,5145782.520000007,414.5782520000007,,0,3.107780971668429,14.658043884839437
120.0,5145782.520000007,414.5782520000007,,0,0.0,14.658043884839437
0.0,5162574.120000007,416.25741200000067,,0,0.0,14.285111319622027
0.0,5162574.120000007,416.25741200000067,,0,0.0,14.285111319622027
0.0,5162574.120000007,416.25741200000067,,0,0.0,14.285111319622027
0.0,5162574.120000007,416.25741200000067,,0,0.0,14.285111319622027
0.0,5162574.120000007,416.25741200000067,,0,0.0,14.285111319622027
0.0,5162574.120000007,416.25741200000067,,0,0.0,14.285111319622027
0.0,5162574.120000007,416.25741200000067,,0,0.0,14.285111319622027
108.0,5162574.120000007,416.25741200000067,,0,0.0,14.285111319622027
0.0,5223606.0000000065,422.36060000000066,,0,0.0,12.949820105115077
0.0,5223606.0000000065,422.36060000000066,,0,0.0,12.949820105115077
101.0,5223606.0000000065,422.36060000000066,,0,0.0,12.949820105115077
0.0,5611750.010000006,461.1750010000006,,0,0.0,5.137498453891358
104.0,5611750.010000006,461.1750010000006,,0,0.0,5.137498453891358
0.0,5629035.850000006,462.90358500000065,,0,0.0,4.814638549512849
102.0,5629035.850000006,462.90358500000065,,0,0.0,4.814638549512849
0.0,5599382.410000006,459.9382410000006,,0,0.5295841189028627,5.369720229556507
97.0,5599382.410000006,459.9382410000006,,0,0.0,5.369720229556507
0.0,5456363.6700000055,445.6363670000005,,0,2.621136505001326,8.13160443171118
95.0,5456363.6700000055,445.6363670000005,,0,0.0,8.13160443171118
0.0,5454552.970000005,445.45529700000054,,0,0.033196120927948096,8.16749992987966
88.0,5454552.970000005,445.45529700000054,,0,0.0,8.16749992987966
0.0,5384430.1700000055,438.4430170000005,,0,1.302325367514233,9.576192720872424
87.0,5384430.1700000055,438.4430170000005,,0,0.0,9.576192720872424
0.0,5426321.540000006,442.6321540000005,,0,0.0,8.730261126398318
84.0,5426321.540000006,442.6321540000005,,0,0.0,8.730261126398318
0.0,5570870.420000006,457.0870420000007,,0,0.0,5.909007662755831
89.0,5570870.420000006,457.0870420000007,,0,0.0,5.909007662755831
0.0,5436931.650000006,443.69316500000065,,0,2.463499242261034,8.518075264014001
0.0,5436931.650000006,443.69316500000065,,0,0.0,8.518075264014001
0.0,5436931.650000006,443.69316500000065,,0,0.0,8.518075264014001
0.0,5436931.650000006,443.69316500000065,,0,0.0,8.518075264014001
0.0,5436931.650000006,443.69316500000065,,0,0.0,8.518075264014001
93.0,5436931.650000006,443.69316500000065,,0,0.0,8.518075264014001
0.0,5638039.500000006,463.8039500000006,,0,0.0,4.647255131859202
0.0,5638039.500000006,463.8039500000006,,0,0.0,4.647255131859202
0.0,5638039.500000006,463.8039500000006,,0,0.0,4.647255131859202
0.0,5638039.500000006,463.8039500000006,,0,0.0,4.647255131859202
0.0,5638039.500000006,463.8039500000006,,0,0.0,4.647255131859202
0.0,5638039.500000006,463.8039500000006,,0,0.0,4.647255131859202
0.0,5638039.500000006,463.8039500000006,,0,0.0,4.647255131859202
0.0,5638039.500000006,463.8039500000006,,0,0.0,4.647255131859202
0.0,5638039.500000006,463.8039500000006,,0,0.0,4.647255131859202
0.0,5638039.500000006,463.8039500000006,,0,0.0,4.647255131859202
0.0,5638039.500000006,463.8039500000006,,0,0.0,4.647255131859202
83.0,5638039.500000006,463.8039500000006,,0,0.0,4.647255131859202
0.0,5590051.390000005,459.00513900000055,,0,0.8584556143051897,5.545605368754923
0.0,5590051.390000005,459.00513900000055,,0,0.0,5.545605368754923
0.0,5590051.390000005,459.00513900000055,,0,0.0,5.545605368754923
87.0,5590051.390000005,459.00513900000055,,0,0.0,5.545605368754923
0.0,5612477.380000005,461.2477380000005,,0,0.0,5.123872766503693
85.0,5612477.380000005,461.2477380000005,,0,0.0,5.123872766503693
0.0,5449926.780000004,444.99267800000035,,0,2.982619887601507,8.259318302254336
90.0,5449926.780000004,444.99267800000035,,0,0.0,8.259318302254336
0.0,5475666.780000004,447.56667800000037,,0,0.0,7.750413183469876
96.0,5475666.780000004,447.56667800000037,,0,0.0,7.750413183469876
0.0,5364247.260000004,436.4247260000004,,0,2.0770765141799123,9.988471709635546
0.0,5364247.260000004,436.4247260000004,,0,0.0,9.988471709635546
91.0,5364247.260000004,436.4247260000004,,0,0.0,9.988471709635546
0.0,5580357.700000004,458.0357700000004,,0,0.0,5.728949597621683
96.0,5580357.700000004,458.0357700000004,,0,0.0,5.728949597621683
0.0,5619043.780000003,461.9043780000003,,0,0.0,5.001025281208995
0.0,5619043.780000003,461.9043780000003,,0,0.0,5.001025281208995
104.0,5619043.780000003,461.9043780000003,,0,0.0,5.001025281208995
0.0,5515615.780000003,451.5615780000003,,0,1.8751850042752605,6.969988761617501
96.0,5515615.780000003,451.5615780000003,,0,0.0,6.969988761617501
0.0,5563747.300000004,456.3747300000004,,0,0.0,6.044600192391933
97.0,5563747.300000004,456.3747300000004,,0,0.0,6.044600192391933
0.0,5541096.830000004,454.10968300000036,,0,0.40877231881904735,6.478081163580761
0.0,5541096.830000004,454.10968300000036,,0,0.0,6.478081163580761
103.0,5541096.830000004,454.10968300000036,,0,0.0,6.478081163580761
0.0,5999300.570000004,499.93005700000043,,0,0.0,0.0
121.0,5999300.570000004,499.93005700000043,,0,0.0,0.0
0.0,5872784.180000004,487.27841800000044,,0,2.1542829792869993,2.1542829792869993
0.0,5872784.180000004,487.27841800000044,,0,0.0,2.1542829792869993
116.0,5872784.180000004,487.27841800000044,,0,0.0,2.1542829792869993
0.0,6212153.780000005,521.2153780000004,,0,0.0,0.0
0.0,6212153.780000005,521.2153780000004,,0,0.0,0.0
0.0,6212153.780000005,521.2153780000004,,0,0.0,0.0
0.0,6212153.780000005,521.2153780000004,,0,0.0,0.0
133.0,6212153.780000005,521.2153780000004,,0,0.0,0.0
0.0,5993963.290000005,499.39632900000043,,0,3.6401706090528965,3.6401706090528965
122.0,5993963.290000005,499.39632900000043,,0,0.0,3.6401706090528965
0.0,6144340.490000006,514.4340490000005,,0,0.0,1.1036707700422221
0.0,6144340.490000006,514.4340490000005,,0,0.0,1.1036707700422221
0.0,6144340.490000006,514.4340490000005,,0,0.0,1.1036707700422221
0.0,6144340.490000006,514.4340490000005,,0,0.0,1.1036707700422221
0.0,6144340.490000006,514.4340490000005,,0,0.0,1.1036707700422221
0.0,6144340.490000006,514.4340490000005,,0,0.0,1.1036707700422221
0.0,6144340.490000006,514.4340490000005,,0,0.0,1.1036707700422221
0.0,6144340.490000006,514.4340490000005,,0,0.0,1.1036707700422221
0.0,6144340.490000006,514.4340490000005,,0,0.0,1.1036707700422221
0.0,6144340.490000006,514.4340490000005,,0,0.0,1.1036707700422221
0.0,6144340.490000006,514.4340490000005,,0,0.0,1.1036707700422221
0.0,6144340.490000006,514.4340490000005,,0,0.0,1.1036707700422221
129.0,6144340.490000006,514.4340490000005,,0,0.0,1.1036707700422221
0.0,6283541.810000005,528.3541810000005,,0,0.0,0.0
0.0,6283541.810000005,528.3541810000005,,0,0.0,0.0
0.0,6283541.810000005,528.3541810000005,,0,0.0,0.0
0.0,6283541.810000005,528.3541810000005,,0,0.0,0.0
132.0,6283541.810000005,528.3541810000005,,0,0.0,0.0
0.0,6394432.370000006,539.4432370000006,,0,0.0,0.0
139.0,6394432.370000006,539.4432370000006,,0,0.0,0.0
0.0,6725374.690000006,572.5374690000006,,0,0.0,0.0
156.0,6725374.690000006,572.5374690000006,,0,0.0,0.0
0.0,6961844.1700000055,596.1844170000005,,0,0.0,0.0
167.0,6961844.1700000055,596.1844170000005,,0,0.0,0.0
0.0,6930969.210000005,593.0969210000004,,0,0.44546381702943494,0.44546381702943494
165.0,6930969.210000005,593.0969210000004,,0,0.0,0.44546381702943494
0.0,6781347.210000005,578.1347210000005,,0,2.206375744621398,2.661668167260835
154.0,6781347.210000005,578.1347210000005,,0,0.0,2.661668167260835
0.0,6988099.910000005,598.8099910000005,,0,0.0,0.0
0.0,6988099.910000005,598.8099910000005,,0,0.0,0.0
0.0,6988099.910000005,598.8099910000005,,0,0.0,0.0
0.0,6988099.910000005,598.8099910000005,,0,0.0,0.0
0.0,6988099.910000005,598.8099910000005,,0,0.0,0.0
0.0,6988099.910000005,598.8099910000005,,0,0.0,0.0
0.0,6988099.910000005,598.8099910000005,,0,0.0,0.0
171.0,6988099.910000005,598.8099910000005,,0,0.0,0.0
0.0,7712387.510000005,671.2387510000005,,0,0.0,0.0
219.0,7712387.510000005,671.2387510000005,,0,0.0,0.0
0.0,7455472.040000005,645.5472040000004,,0,3.4459987056701578,3.4459987056701578
203.0,7455472.040000005,645.5472040000004,,0,0.0,3.4459987056701578
0.0,7394984.130000005,639.4984130000005,,0,0.8179586181207952,4.292144167184313
200.0,7394984.130000005,639.4984130000005,,0,0.0,4.292144167184313
0.0,7324832.130000005,632.4832130000004,,0,0.9577284332931184,5.290979685564488
0.0,7324832.130000005,632.4832130000004,,0,0.0,5.290979685564488
0.0,7324832.130000005,632.4832130000004,,0,0.0,5.290979685564488
0.0,7324832.130000005,632.4832130000004,,0,0.0,5.290979685564488
0.0,7324832.130000005,632.4832130000004,,0,0.0,5.290979685564488
0.0,7324832.130000005,632.4832130000004,,0,0.0,5.290979685564488
0.0,7324832.130000005,632.4832130000004,,0,0.0,5.290979685564488
0.0,7324832.130000005,632.4832130000004,,0,0.0,5.290979685564488
176.0,7324832.130000005,632.4832130000004,,0,0.0,5.290979685564488
0.0,7291099.970000004,629.1099970000005,,0,0.4626484362962332,5.778106756640736
0.0,7291099.970000004,629.1099970000005,,0,0.0,5.778106756640736
166.0,7291099.970000004,629.1099970000005,,0,0.0,5.778106756640736
0.0,7324797.970000004,632.4797970000004,,0,0.0,5.291470721615012
165.0,7324797.970000004,632.4797970000004,,0,0.0,5.291470721615012
0.0,7180046.770000005,618.0046770000005,,0,2.0160202939736442,7.414168139186088
0.0,7180046.770000005,618.0046770000005,,0,0.0,7.414168139186088
0.0,7180046.770000005,618.0046770000005,,0,0.0,7.414168139186088
0.0,7180046.770000005,618.0046770000005,,0,0.0,7.414168139186088
0.0,7180046.770000005,618.0046770000005,,0,0.0,7.414168139186088
0.0,7180046.770000005,618.0046770000005,,0,0.0,7.414168139186088
0.0,7180046.770000005,618.0046770000005,,0,0.0,7.414168139186088
177.0,7180046.770000005,618.0046770000005,,0,0.0,7.414168139186088
0.0,7084243.7500000065,608.4243750000007,,0,1.3523394081407565,8.866772264858874
176.0,7084243.7500000065,608.4243750000007,,0,0.0,8.866772264858874
0.0,7382085.030000007,638.2085030000007,,0,0.0,4.474379239167315
199.0,7382085.030000007,638.2085030000007,,0,0.0,4.474379239167315
0.0,7138873.200000007,613.8873200000007,,0,3.406865806217147,8.033681141724133
191.0,7138873.200000007,613.8873200000007,,0,0.0,8.033681141724133
0.0,6933128.000000007,593.3128000000007,,0,2.9675667317839656,11.239652722407506
0.0,6933128.000000007,593.3128000000007,,0,0.0,11.239652722407506
0.0,6933128.000000007,593.3128000000007,,0,0.0,11.239652722407506
0.0,6933128.000000007,593.3128000000007,,0,0.0,11.239652722407506
0.0,6933128.000000007,593.3128000000007,,0,0.0,11.239652722407506
156.0,6933128.000000007,593.3128000000007,,0,0.0,11.239652722407506
0.0,6850725.680000009,585.0725680000008,,0,1.202826150820249,12.577672355434252
161.0,6850725.680000009,585.0725680000008,,0,0.0,12.577672355434252
0.0,6318565.94000001,531.856594000001,,0,8.422160108057659,22.059144167133493
160.0,6318565.94000001,531.856594000001,,0,0.0,22.059144167133493
0.0,6474909.94000001,547.4909940000009,,0,0.0,19.111888527672615
170.0,6474909.94000001,547.4909940000009,,0,0.0,19.111888527672615
0.0,6348662.84000001,534.866284000001,,0,1.988562051280698,21.48050234149768
0.0,6348662.84000001,534.866284000001,,0,0.0,21.48050234149768
0.0,6348662.84000001,534.866284000001,,0,0.0,21.48050234149768
0.0,6348662.84000001,534.866284000001,,0,0.0,21.48050234149768
163.0,6348662.84000001,534.866284000001,,0,0.0,21.48050234149768
0.0,6516556.100000011,551.655610000001,,0,0.0,18.350665468835487
0.0,6516556.100000011,551.655610000001,,0,0.0,18.350665468835487
0.0,6516556.100000011,551.655610000001,,0,0.0,18.350665468835487
158.0,6516556.100000011,551.655610000001,,0,0.0,18.350665468835487
0.0,6485572.300000011,548.5572300000011,,0,0.4777342471380631,18.916067129495918
155.0,6485572.300000011,548.5572300000011,,0,0.0,18.916067129495918
0.0,6554333.40000001,555.433340000001,,0,0.0,17.66852613875263
158.0,6554333.40000001,555.433340000001,,0,0.0,17.66852613875263
0.0,6513275.52000001,551.327552000001,,0,0.6303722278280012,18.410275848425858
153.0,6513275.52000001,551.327552000001,,0,0.0,18.410275848425858
0.0,6592625.91000001,559.2625910000011,,0,0.0,16.985062026672665
149.0,6592625.91000001,559.2625910000011,,0,0.0,16.985062026672665
0.0,6640559.210000011,564.055921000001,,0,0.0,16.140633132009864
149.0,6640559.210000011,564.055921000001,,0,0.0,16.140633132009864
0.0,6985716.220000012,598.5716220000012,,0,0.0,10.402244624818044
148.0,6985716.220000012,598.5716220000012,,0,0.0,10.402244624818044
0.0,7031979.540000012,603.1979540000012,,0,0.0,9.675909409713556
0.0,7031979.540000012,603.1979540000012,,0,0.0,9.675909409713556
154.0,7031979.540000012,603.1979540000012,,0,0.0,9.675909409713556
0.0,7151044.640000013,615.1044640000013,,0,0.0,7.849802347199327
0.0,7151044.640000013,615.1044640000013,,0,0.0,7.849802347199327
0.0,7151044.640000013,615.1044640000013,,0,0.0,7.849802347199327
0.0,7151044.640000013,615.1044640000013,,0,0.0,7.849802347199327
0.0,7151044.640000013,615.1044640000013,,0,0.0,7.849802347199327
165.0,7151044.640000013,615.1044640000013,,0,0.0,7.849802347199327
0.0,7196208.440000013,619.6208440000014,,0,0.0,7.172931055343234
0.0,7196208.440000013,619.6208440000014,,0,0.0,7.172931055343234
0.0,7196208.440000013,619.6208440000014,,0,0.0,7.172931055343234
0.0,7196208.440000013,619.6208440000014,,0,0.0,7.172931055343234
182.0,7196208.440000013,619.6208440000014,,0,0.0,7.172931055343234
0.0,7097111.260000013,609.7111260000013,,0,1.3963030361172675,8.669389945564857
0.0,7097111.260000013,609.7111260000013,,0,0.0,8.669389945564857
0.0,7097111.260000013,609.7111260000013,,0,0.0,8.669389945564857
0.0,7097111.260000013,609.7111260000013,,0,0.0,8.669389945564857
0.0,7097111.260000013,609.7111260000013,,0,0.0,8.669389945564857
0.0,7097111.260000013,609.7111260000013,,0,0.0,8.669389945564857
173.0,7097111.260000013,609.7111260000013,,0,0.0,8.669389945564857
0.0,7216835.910000013,621.6835910000012,,0,0.0,6.8666047860854205
0.0,7216835.910000013,621.6835910000012,,0,0.0,6.8666047860854205
0.0,7216835.910000013,621.6835910000012,,0,0.0,6.8666047860854205
0.0,7216835.910000013,621.6835910000012,,0,0.0,6.8666047860854205
0.0,7216835.910000013,621.6835910000012,,0,0.0,6.8666047860854205
0.0,7216835.910000013,621.6835910000012,,0,0.0,6.8666047860854205
178.0,7216835.910000013,621.6835910000012,,0,0.0,6.8666047860854205
0.0,6805045.370000013,580.5045370000014,,0,6.051253409938679,13.333373852289107
0.0,6805045.370000013,580.5045370000014,,0,0.0,13.333373852289107
0.0,6805045.370000013,580.5045370000014,,0,0.0,13.333373852289107
0.0,6805045.370000013,580.5045370000014,,0,0.0,13.333373852289107
0.0,6805045.370000013,580.5045370000014,,0,0.0,13.333373852289107
0.0,6805045.370000013,580.5045370000014,,0,0.0,13.333373852289107
0.0,6805045.370000013,580.5045370000014,,0,0.0,13.333373852289107
0.0,6805045.370000013,580.5045370000014,,0,0.0,13.333373852289107
0.0,6805045.370000013,580.5045370000014,,0,0.0,13.333373852289107
0.0,6805045.370000013,580.5045370000014,,0,0.0,13.333373852289107
188.0,6805045.370000013,580.5045370000014,,0,0.0,13.333373852289107
0.0,6906824.810000013,590.6824810000012,,0,0.0,11.663285549586586
202.0,6906824.810000013,590.6824810000012,,0,0.0,11.663285549586586
0.0,7707166.990000012,670.7166990000013,,0,0.0,0.06773591394563809
248.0,7707166.990000012,670.7166990000013,,0,0.0,0.06773591394563809
0.0,8181630.670000012,718.1630670000012,,0,0.0,0.0
281.0,8181630.670000012,718.1630670000012,,0,0.0,0.0
0.0,8109329.370000012,710.9329370000013,,0,0.891581741240826,0.891581741240826
0.0,8109329.370000012,710.9329370000013,,0,0.0,0.891581741240826
258.0,8109329.370000012,710.9329370000013,,0,0.0,0.891581741240826
0.0,8484688.410000013,748.4688410000012,,0,0.0,0.0
0.0,8484688.410000013,748.4688410000012,,0,0.0,0.0
0.0,8484688.410000013,748.4688410000012,,0,0.0,0.0
0.0,8484688.410000013,748.4688410000012,,0,0.0,0.0
0.0,8484688.410000013,748.4688410000012,,0,0.0,0.0
288.0,8484688.410000013,748.4688410000012,,0,0.0,0.0
0.0,8240210.970000014,724.0210970000014,,0,2.9668832617279346,2.9668832617279346
0.0,8240210.970000014,724.0210970000014,,0,0.0,2.9668832617279346
0.0,8240210.970000014,724.0210970000014,,0,0.0,2.9668832617279346
0.0,8240210.970000014,724.0210970000014,,0,0.0,2.9668832617279346
282.0,8240210.970000014,724.0210970000014,,0,0.0,2.9668832617279346
0.0,8401388.070000013,740.1388070000014,,0,0.0,0.9915068713163219
289.0,8401388.070000013,740.1388070000014,,0,0.0,0.9915068713163219
0.0,8275161.540000014,727.5161540000014,,0,1.5253663555672305,2.531997339111749
260.0,8275161.540000014,727.5161540000014,,0,0.0,2.531997339111749
0.0,8292534.740000014,729.2534740000013,,0,0.0,2.3171886042650294
0.0,8292534.740000014,729.2534740000013,,0,0.0,2.3171886042650294
0.0,8292534.740000014,729.2534740000013,,0,0.0,2.3171886042650294
279.0,8292534.740000014,729.2534740000013,,0,0.0,2.3171886042650294
0.0,8246826.170000014,724.6826170000014,,0,0.5542564988974445,2.8842882715933236
275.0,8246826.170000014,724.6826170000014,,0,0.0,2.8842882715933236
0.0,8646645.920000013,764.6645920000012,,0,0.0,0.0
0.0,8646645.920000013,764.6645920000012,,0,0.0,0.0
0.0,8646645.920000013,764.6645920000012,,0,0.0,0.0
0.0,8646645.920000013,764.6645920000012,,0,0.0,0.0
0.0,8646645.920000013,764.6645920000012,,0,0.0,0.0
0.0,8646645.920000013,764.6645920000012,,0,0.0,0.0
325.0,8646645.920000013,764.6645920000012,,0,0.0,0.0
0.0,9974959.920000013,897.4959920000013,,0,0.0,0.0
450.0,9974959.920000013,897.4959920000013,,0,0.0,0.0
0.0,9773670.420000013,877.3670420000012,,0,2.0595077524621477,2.0595077524621477
479.0,9773670.420000013,877.3670420000012,,0,0.0,2.0595077524621477
0.0,9741337.920000013,874.1337920000013,,0,0.33191025981778033,2.398253729812092
513.0,9741337.920000013,874.1337920000013,,0,0.0,2.398253729812092
0.0,8918891.190000013,791.8891190000013,,0,9.22140109660873,11.840807422161173
433.0,8918891.190000013,791.8891190000013,,0,0.0,11.840807422161173
0.0,8854101.400000012,785.4101400000012,,0,0.7317489045246408,12.659201305284352
0.0,8854101.400000012,785.4101400000012,,0,0.0,12.659201305284352
0.0,8854101.400000012,785.4101400000012,,0,0.0,12.659201305284352
0.0,8854101.400000012,785.4101400000012,,0,0.0,12.659201305284352
0.0,8854101.400000012,785.4101400000012,,0,0.0,12.659201305284352
0.0,8854101.400000012,785.4101400000012,,0,0.0,12.659201305284352
0.0,8854101.400000012,785.4101400000012,,0,0.0,12.659201305284352
0.0,8854101.400000012,785.4101400000012,,0,0.0,12.659201305284352
0.0,8854101.400000012,785.4101400000012,,0,0.0,12.659201305284352
0.0,8854101.400000012,785.4101400000012,,0,0.0,12.659201305284352
0.0,8854101.400000012,785.4101400000012,,0,0.0,12.659201305284352
459.0,8854101.400000012,785.4101400000012,,0,0.0,12.659201305284352
0.0,8825175.220000012,782.5175220000011,,0,0.32776890292722893,13.028463133449259
0.0,8825175.220000012,782.5175220000011,,0,0.0,13.028463133449259
0.0,8825175.220000012,782.5175220000011,,0,0.0,13.028463133449259
0.0,8825175.220000012,782.5175220000011,,0,0.0,13.028463133449259
0.0,8825175.220000012,782.5175220000011,,0,0.0,13.028463133449259
408.0,8825175.220000012,782.5175220000011,,0,0.0,13.028463133449259
0.0,8826366.580000011,782.636658000001,,0,0.0,13.013206845528504
423.0,8826366.580000011,782.636658000001,,0,0.0,13.013206845528504
0.0,9206584.36000001,820.6584360000012,,0,0.0,8.345935147657752
476.0,9206584.36000001,820.6584360000012,,0,0.0,8.345935147657752
0.0,8775271.240000011,777.5271240000011,,0,4.915097302451002,13.67124328341559
0.0,8775271.240000011,777.5271240000011,,0,0.0,13.67124328341559
0.0,8775271.240000011,777.5271240000011,,0,0.0,13.67124328341559
0.0,8775271.240000011,777.5271240000011,,0,0.0,13.67124328341559
0.0,8775271.240000011,777.5271240000011,,0,0.0,13.67124328341559
391.0,8775271.240000011,777.5271240000011,,0,0.0,13.67124328341559
0.0,9152210.88000001,815.221088000001,,0,0.0,8.989620658740787
0.0,9152210.88000001,815.221088000001,,0,0.0,8.989620658740787
0.0,9152210.88000001,815.221088000001,,0,0.0,8.989620658740787
0.0,9152210.88000001,815.221088000001,,0,0.0,8.989620658740787
0.0,9152210.88000001,815.221088000001,,0,0.0,8.989620658740787
0.0,9152210.88000001,815.221088000001,,0,0.0,8.989620658740787
429.0,9152210.88000001,815.221088000001,,0,0.0,8.989620658740787
0.0,9176333.550000012,817.6333550000012,,0,0.0,8.703109642303707
0.0,9176333.550000012,817.6333550000012,,0,0.0,8.703109642303707
0.0,9176333.550000012,817.6333550000012,,0,0.0,8.703109642303707
0.0,9176333.550000012,817.6333550000012,,0,0.0,8.703109642303707
0.0,9176333.550000012,817.6333550000012,,0,0.0,8.703109642303707
0.0,9176333.550000012,817.6333550000012,,0,0.0,8.703109642303707
0.0,9176333.550000012,817.6333550000012,,0,0.0,8.703109642303707
0.0,9176333.550000012,817.6333550000012,,0,0.0,8.703109642303707
0.0,9176333.550000012,817.6333550000012,,0,0.0,8.703109642303707
0.0,9176333.550000012,817.6333550000012,,0,0.0,8.703109642303707
0.0,9176333.550000012,817.6333550000012,,0,0.0,8.703109642303707
399.0,9176333.550000012,817.6333550000012,,0,0.0,8.703109642303707
0.0,9088481.730000012,808.8481730000012,,0,0.9666281190840903,9.753864466425023
381.0,9088481.730000012,808.8481730000012,,0,0.0,9.753864466425023
0.0,9339960.78000001,833.996078000001,,0,0.0,6.798734544579123
0.0,9339960.78000001,833.996078000001,,0,0.0,6.798734544579123
0.0,9339960.78000001,833.996078000001,,0,0.0,6.798734544579123
0.0,9339960.78000001,833.996078000001,,0,0.0,6.798734544579123
0.0,9339960.78000001,833.996078000001,,0,0.0,6.798734544579123
384.0,9339960.78000001,833.996078000001,,0,0.0,6.798734544579123
0.0,9420762.060000012,842.0762060000012,,0,0.0,5.8827285570993455
0.0,9420762.060000012,842.0762060000012,,0,0.0,5.8827285570993455
0.0,9420762.060000012,842.0762060000012,,0,0.0,5.8827285570993455
0.0,9420762.060000012,842.0762060000012,,0,0.0,5.8827285570993455
452.0,9420762.060000012,842.0762060000012,,0,0.0,5.8827285570993455
0.0,9282594.700000012,828.2594700000013,,0,1.488456239503802,7.4587466368643645
431.0,9282594.700000012,828.2594700000013,,0,0.0,7.4587466368643645
0.0,9332495.880000012,833.2495880000013,,0,0.0,6.884160981810155
433.0,9332495.880000012,833.2495880000013,,0,0.0,6.884160981810155
0.0,9402226.20000001,840.222620000001,,0,0.0,6.091469273521646
0.0,9402226.20000001,840.222620000001,,0,0.0,6.091469273521646
464.0,9402226.20000001,840.222620000001,,0,0.0,6.091469273521646
0.0,9496627.000000011,849.6627000000011,,0,0.0,5.036871722981235
0.0,9496627.000000011,849.6627000000011,,0,0.0,5.036871722981235
468.0,9496627.000000011,849.6627000000011,,0,0.0,5.036871722981235
0.0,9718491.760000011,871.8491760000012,,0,0.0,2.638970802605298
484.0,9718491.760000011,871.8491760000012,,0,0.0,2.638970802605298
0.0,9679074.800000012,867.9074800000011,,0,0.4072389232904676,3.056956642178245
485.0,9679074.800000012,867.9074800000011,,0,0.0,3.056956642178245
0.0,9737255.400000012,873.7255400000012,,0,0.0,2.4411860450944025
486.0,9737255.400000012,873.7255400000012,,0,0.0,2.4411860450944025
0.0,9836136.96000001,883.613696000001,,0,0.0,1.4113565169389692
523.0,9836136.96000001,883.613696000001,,0,0.0,1.4113565169389692
0.0,9573470.670000011,857.3470670000012,,0,2.7436892957023997,4.193769050320822
495.0,9573470.670000011,857.3470670000012,,0,0.0,4.193769050320822
0.0,8563502.37000001,756.3502370000011,,0,11.793869568345778,16.482246270459093
0.0,8563502.37000001,756.3502370000011,,0,0.0,16.482246270459093
392.0,8563502.37000001,756.3502370000011,,0,0.0,16.482246270459093
0.0,8786499.410000011,778.649941000001,,0,0.0,13.525984064227009
0.0,8786499.410000011,778.649941000001,,0,0.0,13.525984064227009
0.0,8786499.410000011,778.649941000001,,0,0.0,13.525984064227009
445.0,8786499.410000011,778.649941000001,,0,0.0,13.525984064227009
0.0,8831631.310000012,783.1631310000012,,0,0.0,12.945837183051518
0.0,8831631.310000012,783.1631310000012,,0,0.0,12.945837183051518
0.0,8831631.310000012,783.1631310000012,,0,0.0,12.945837183051518
0.0,8831631.310000012,783.1631310000012,,0,0.0,12.945837183051518
0.0,8831631.310000012,783.1631310000012,,0,0.0,12.945837183051518
0.0,8831631.310000012,783.1631310000012,,0,0.0,12.945837183051518
455.0,8831631.310000012,783.1631310000012,,0,0.0,12.945837183051518
0.0,8780798.710000012,778.0798710000013,,0,0.5789063350479601,13.599687789677157
464.0,8780798.710000012,778.0798710000013,,0,0.0,13.599687789677157
0.0,8833286.390000012,783.3286390000012,,0,0.0,12.92467468611079
459.0,8833286.390000012,783.3286390000012,,0,0.0,12.92467468611079
0.0,8901535.10000001,790.1535100000011,,0,0.0,12.058873081340778
0.0,8901535.10000001,790.1535100000011,,0,0.0,12.058873081340778
0.0,8901535.10000001,790.1535100000011,,0,0.0,12.058873081340778
0.0,8901535.10000001,790.1535100000011,,0,0.0,12.058873081340778
460.0,8901535.10000001,790.1535100000011,,0,0.0,12.058873081340778
0.0,9018444.10000001,801.8444100000011,,0,0.0,10.606217762108223
0.0,9018444.10000001,801.8444100000011,,0,0.0,10.606217762108223
0.0,9018444.10000001,801.8444100000011,,0,0.0,10.606217762108223
0.0,9018444.10000001,801.8444100000011,,0,0.0,10.606217762108223
0.0,9018444.10000001,801.8444100000011,,0,0.0,10.606217762108223
461.0,9018444.10000001,801.8444100000011,,0,0.0,10.606217762108223
0.0,9070136.03000001,807.0136030000011,,0,0.0,9.975857991624865
0.0,9070136.03000001,807.0136030000011,,0,0.0,9.975857991624865
0.0,9070136.03000001,807.0136030000011,,0,0.0,9.975857991624865
0.0,9070136.03000001,807.0136030000011,,0,0.0,9.975857991624865
0.0,9070136.03000001,807.0136030000011,,0,0.0,9.975857991624865
468.0,9070136.03000001,807.0136030000011,,0,0.0,9.975857991624865
0.0,8977378.43000001,797.737843000001,,0,1.0332370493598486,11.112169301745709
470.0,8977378.43000001,797.737843000001,,0,0.0,11.112169301745709
0.0,8886391.13000001,788.6391130000011,,0,1.0238948372735046,12.24984106680888
0.0,8886391.13000001,788.6391130000011,,0,0.0,12.24984106680888
0.0,8886391.13000001,788.6391130000011,,0,0.0,12.24984106680888
0.0,8886391.13000001,788.6391130000011,,0,0.0,12.24984106680888
0.0,8886391.13000001,788.6391130000011,,0,0.0,12.24984106680888
0.0,8886391.13000001,788.6391130000011,,0,0.0,12.24984106680888
462.0,8886391.13000001,788.6391130000011,,0,0.0,12.24984106680888
0.0,8717276.030000009,771.7276030000008,,0,1.9399993692754653,14.427487275517684
0.0,8717276.030000009,771.7276030000008,,0,0.0,14.427487275517684
0.0,8717276.030000009,771.7276030000008,,0,0.0,14.427487275517684
419.0,8717276.030000009,771.7276030000008,,0,0.0,14.427487275517684
0.0,8517630.910000008,751.7630910000007,,0,2.343904333370567,17.109558108335595
413.0,8517630.910000008,751.7630910000007,,0,0.0,17.109558108335595
0.0,8607594.700000007,760.7594700000006,,0,0.0,15.885566963323742
0.0,8607594.700000007,760.7594700000006,,0,0.0,15.885566963323742
420.0,8607594.700000007,760.7594700000006,,0,0.0,15.885566963323742
0.0,8610585.100000007,761.0585100000006,,0,0.0,15.845320662355508
0.0,8610585.100000007,761.0585100000006,,0,0.0,15.845320662355508
0.0,8610585.100000007,761.0585100000006,,0,0.0,15.845320662355508
0.0,8610585.100000007,761.0585100000006,,0,0.0,15.845320662355508
404.0,8610585.100000007,761.0585100000006,,0,0.0,15.845320662355508
0.0,8451493.940000007,745.1493940000007,,0,1.8824028169391316,18.02599624179586
0.0,8451493.940000007,745.1493940000007,,0,0.0,18.02599624179586
455.0,8451493.940000007,745.1493940000007,,0,0.0,18.02599624179586
0.0,9645605.040000007,864.5605040000007,,0,0.0,3.414559051860226
548.0,9645605.040000007,864.5605040000007,,0,0.0,3.414559051860226
0.0,9936505.360000007,893.6505360000007,,0,0.0,0.3870028607321768
0.0,9936505.360000007,893.6505360000007,,0,0.0,0.3870028607321768
608.0,9936505.360000007,893.6505360000007,,0,0.0,0.3870028607321768
0.0,9760422.480000008,876.0422480000008,,0,1.8040497771567652,2.198034362135571
0.0,9760422.480000008,876.0422480000008,,0,0.0,2.198034362135571
0.0,9760422.480000008,876.0422480000008,,0,0.0,2.198034362135571
0.0,9760422.480000008,876.0422480000008,,0,0.0,2.198034362135571
0.0,9760422.480000008,876.0422480000008,,0,0.0,2.198034362135571
0.0,9760422.480000008,876.0422480000008,,0,0.0,2.198034362135571
0.0,9760422.480000008,876.0422480000008,,0,0.0,2.198034362135571
618.0,9760422.480000008,876.0422480000008,,0,0.0,2.198034362135571
0.0,9485010.780000009,848.5010780000008,,0,2.90365194503236,5.16550957467656
0.0,9485010.780000009,848.5010780000008,,0,0.0,5.16550957467656
0.0,9485010.780000009,848.5010780000008,,0,0.0,5.16550957467656
0.0,9485010.780000009,848.5010780000008,,0,0.0,5.16550957467656
0.0,9485010.780000009,848.5010780000008,,0,0.0,5.16550957467656
0.0,9485010.780000009,848.5010780000008,,0,0.0,5.16550957467656
585.0,9485010.780000009,848.5010780000008,,0,0.0,5.16550957467656
0.0,9350683.08000001,835.068308000001,,0,1.436554943106885,6.67626990091512
0.0,9350683.08000001,835.068308000001,,0,0.0,6.67626990091512
0.0,9350683.08000001,835.068308000001,,0,0.0,6.67626990091512
0.0,9350683.08000001,835.068308000001,,0,0.0,6.67626990091512
0.0,9350683.08000001,835.068308000001,,0,0.0,6.67626990091512
0.0,9350683.08000001,835.068308000001,,0,0.0,6.67626990091512
0.0,9350683.08000001,835.068308000001,,0,0.0,6.67626990091512
0.0,9350683.08000001,835.068308000001,,0,0.0,6.67626990091512
0.0,9350683.08000001,835.068308000001,,0,0.0,6.67626990091512
0.0,9350683.08000001,835.068308000001,,0,0.0,6.67626990091512
0.0,9350683.08000001,835.068308000001,,0,0.0,6.67626990091512
545.0,9350683.08000001,835.068308000001,,0,0.0,6.67626990091512
0.0,9373812.88000001,837.381288000001,,0,0.0,6.413047152697186
544.0,9373812.88000001,837.381288000001,,0,0.0,6.413047152697186
0.0,9066523.60000001,806.6523600000011,,0,3.3892734807418243,10.019676339892845
0.0,9066523.60000001,806.6523600000011,,0,0.0,10.019676339892845
0.0,9066523.60000001,806.6523600000011,,0,0.0,10.019676339892845
0.0,9066523.60000001,806.6523600000011,,0,0.0,10.019676339892845
540.0,9066523.60000001,806.6523600000011,,0,0.0,10.019676339892845
0.0,9045836.20000001,804.583620000001,,0,0.22869527529141362,10.271286141573086
0.0,9045836.20000001,804.583620000001,,0,0.0,10.271286141573086
0.0,9045836.20000001,804.583620000001,,0,0.0,10.271286141573086
0.0,9045836.20000001,804.583620000001,,0,0.0,10.271286141573086
537.0,9045836.20000001,804.583620000001,,0,0.0,10.271286141573086
0.0,9068889.61000001,806.888961000001,,0,0.0,9.990972974253696
0.0,9068889.61000001,806.888961000001,,0,0.0,9.990972974253696
0.0,9068889.61000001,806.888961000001,,0,0.0,9.990972974253696
0.0,9068889.61000001,806.888961000001,,0,0.0,9.990972974253696
0.0,9068889.61000001,806.888961000001,,0,0.0,9.990972974253696
548.0,9068889.61000001,806.888961000001,,0,0.0,9.990972974253696
0.0,9021673.93000001,802.1673930000011,,0,0.5233583076306068,10.566619868958187
0.0,9021673.93000001,802.1673930000011,,0,0.0,10.566619868958187
545.0,9021673.93000001,802.1673930000011,,0,0.0,10.566619868958187
0.0,8981153.18000001,798.1153180000011,,0,0.4511753578620062,11.065469211827883
0.0,8981153.18000001,798.1153180000011,,0,0.0,11.065469211827883
0.0,8981153.18000001,798.1153180000011,,0,0.0,11.065469211827883
0.0,8981153.18000001,798.1153180000011,,0,0.0,11.065469211827883
0.0,8981153.18000001,798.1153180000011,,0,0.0,11.065469211827883
0.0,8981153.18000001,798.1153180000011,,0,0.0,11.065469211827883
530.0,8981153.18000001,798.1153180000011,,0,0.0,11.065469211827883
0.0,9078810.980000012,807.8810980000011,,0,0.0,9.87077428943234
528.0,9078810.980000012,807.8810980000011,,0,0.0,9.87077428943234
0.0,9217358.180000013,821.7358180000012,,0,0.0,8.219293697882522
513.0,9217358.180000013,821.7358180000012,,0,0.0,8.219293697882522
0.0,9680781.860000012,868.0781860000012,,0,0.0,3.038784100853608
485.0,9680781.860000012,868.0781860000012,,0,0.0,3.038784100853608
0.0,10177863.210000012,917.7863210000012,,0,0.0,0.0
487.0,10177863.210000012,917.7863210000012,,0,0.0,0.0
0.0,10330854.260000013,933.0854260000013,,0,0.0,0.0
488.0,10330854.260000013,933.0854260000013,,0,0.0,0.0
0.0,10107672.340000013,910.7672340000013,,0,2.208044666394475,2.208044666394475
479.0,10107672.340000013,910.7672340000013,,0,0.0,2.208044666394475
0.0,10871974.320000013,987.1974320000014,,0,0.0,0.0
477.0,10871974.320000013,987.1974320000014,,0,0.0,0.0
0.0,10835879.730000013,983.5879730000013,,0,0.3331025343523244,0.3331025343523244
472.0,10835879.730000013,983.5879730000013,,0,0.0,0.3331025343523244
0.0,10702039.410000013,970.2039410000014,,0,1.2506057478627817,1.5878740816559929
464.0,10702039.410000013,970.2039410000014,,0,0.0,1.5878740816559929
0.0,10678240.850000015,967.8240850000014,,0,0.2228696686495756,1.8142826400099277
462.0,10678240.850000015,967.8240850000014,,0,0.0,1.8142826400099277
0.0,10654420.130000014,965.4420130000015,,0,0.223575940401748,2.0419148798856237
448.0,10654420.130000014,965.4420130000015,,0,0.0,2.0419148798856237
0.0,10243984.930000015,924.3984930000014,,0,4.006597069447258,6.130323251070986
0.0,10243984.930000015,924.3984930000014,,0,0.0,6.130323251070986
0.0,10243984.930000015,924.3984930000014,,0,0.0,6.130323251070986
0.0,10243984.930000015,924.3984930000014,,0,0.0,6.130323251070986
0.0,10243984.930000015,924.3984930000014,,0,0.0,6.130323251070986
439.0,10243984.930000015,924.3984930000014,,0,0.0,6.130323251070986
0.0,10071049.660000015,907.1049660000016,,0,1.717152390647623,7.952742633978802
0.0,10071049.660000015,907.1049660000016,,0,0.0,7.952742633978802
0.0,10071049.660000015,907.1049660000016,,0,0.0,7.952742633978802
0.0,10071049.660000015,907.1049660000016,,0,0.0,7.952742633978802
462.0,10071049.660000015,907.1049660000016,,0,0.0,7.952742633978802
0.0,9991973.740000015,899.1973740000014,,0,0.7913943937166493,8.807074587047472
457.0,9991973.740000015,899.1973740000014,,0,0.0,8.807074587047472
0.0,9955866.170000017,895.5866170000016,,0,0.3626763295473102,9.20169209144758
0.0,9955866.170000017,895.5866170000016,,0,0.0,9.20169209144758
0.0,9955866.170000017,895.5866170000016,,0,0.0,9.20169209144758
409.0,9955866.170000017,895.5866170000016,,0,0.0,9.20169209144758
0.0,9626077.200000018,862.6077200000019,,0,3.425995482354933,12.942937129155718
391.0,9626077.200000018,862.6077200000019,,0,0.0,12.942937129155718
0.0,9650311.38000002,865.0311380000019,,0,0.0,12.659311102974913
397.0,9650311.38000002,865.0311380000019,,0,0.0,12.659311102974913
0.0,9876776.060000021,887.677606000002,,0,0.0,10.07614482655376
0.0,9876776.060000021,887.677606000002,,0,0.0,10.07614482655376
0.0,9876776.060000021,887.677606000002,,0,0.0,10.07614482655376
0.0,9876776.060000021,887.677606000002,,0,0.0,10.07614482655376
0.0,9876776.060000021,887.677606000002,,0,0.0,10.07614482655376
426.0,9876776.060000021,887.677606000002,,0,0.0,10.07614482655376
0.0,10046230.34000002,904.623034000002,,0,0.0,8.219441044589779
0.0,10046230.34000002,904.623034000002,,0,0.0,8.219441044589779
0.0,10046230.34000002,904.623034000002,,0,0.0,8.219441044589779
0.0,10046230.34000002,904.623034000002,,0,0.0,8.219441044589779
0.0,10046230.34000002,904.623034000002,,0,0.0,8.219441044589779
449.0,10046230.34000002,904.623034000002,,0,0.0,8.219441044589779
0.0,10049719.07000002,904.9719070000021,,0,0.0,8.181872988415693
448.0,10049719.07000002,904.9719070000021,,0,0.0,8.181872988415693
0.0,10058786.590000022,905.8786590000021,,0,0.0,8.084352150471355
0.0,10058786.590000022,905.8786590000021,,0,0.0,8.084352150471355
463.0,10058786.590000022,905.8786590000021,,0,0.0,8.084352150471355
0.0,10680697.450000022,968.0697450000022,,0,0.0,1.7908649776423666
530.0,10680697.450000022,968.0697450000022,,0,0.0,1.7908649776423666
0.0,10519026.25000002,951.9026250000021,,0,1.5369407410690776,3.355330252170367
478.0,10519026.25000002,951.9026250000021,,0,0.0,3.355330252170367
0.0,9507401.390000021,850.7401390000022,,0,10.640392873956458,14.352743447176467
385.0,9507401.390000021,850.7401390000022,,0,0.0,14.352743447176467
0.0,9359272.640000021,835.9272640000022,,0,1.5826951056743623,16.162598720919288
0.0,9359272.640000021,835.9272640000022,,0,0.0,16.162598720919288
341.0,9359272.640000021,835.9272640000022,,0,0.0,16.162598720919288
0.0,9192987.40000002,819.2987400000021,,0,1.8088270196040934,18.263779193257555
328.0,9192987.40000002,819.2987400000021,,0,0.0,18.263779193257555
0.0,9109065.32000002,810.906532000002,,0,0.9213028675482139,19.353346782235924
0.0,9109065.32000002,810.906532000002,,0,0.0,19.353346782235924
0.0,9109065.32000002,810.906532000002,,0,0.0,19.353346782235924
0.0,9109065.32000002,810.906532000002,,0,0.0,19.353346782235924
0.0,9109065.32000002,810.906532000002,,0,0.0,19.353346782235924
0.0,9109065.32000002,810.906532000002,,0,0.0,19.353346782235924
0.0,9109065.32000002,810.906532000002,,0,0.0,19.353346782235924
0.0,9109065.32000002,810.906532000002,,0,0.0,19.353346782235924
0.0,9109065.32000002,810.906532000002,,0,0.0,19.353346782235924
0.0,9109065.32000002,810.906532000002,,0,0.0,19.353346782235924
0.0,9109065.32000002,810.906532000002,,0,0.0,19.353346782235924
0.0,9109065.32000002,810.906532000002,,0,0.0,19.353346782235924
0.0,9109065.32000002,810.906532000002,,0,0.0,19.353346782235924
0.0,9109065.32000002,810.906532000002,,0,0.0,19.353346782235924
0.0,9109065.32000002,810.906532000002,,0,0.0,19.353346782235924
0.0,9109065.32000002,810.906532000002,,0,0.0,19.353346782235924
0.0,9109065.32000002,810.906532000002,,0,0.0,19.353346782235924
0.0,9109065.32000002,810.906532000002,,0,0.0,19.353346782235924
0.0,9109065.32000002,810.906532000002,,0,0.0,19.353346782235924
0.0,9109065.32000002,810.906532000002,,0,0.0,19.353346782235924
0.0,9109065.32000002,810.906532000002,,0,0.0,19.353346782235924
307.0,9109065.32000002,810.906532000002,,0,0.0,19.353346782235924
0.0,9281930.88000002,828.1930880000018,,0,0.0,17.130524462599645
0.0,9281930.88000002,828.1930880000018,,0,0.0,17.130524462599645
0.0,9281930.88000002,828.1930880000018,,0,0.0,17.130524462599645
0.0,9281930.88000002,828.1930880000018,,0,0.0,17.130524462599645
306.0,9281930.88000002,828.1930880000018,,0,0.0,17.130524462599645
0.0,9284856.240000019,828.485624000002,,0,0.0,17.093620396216185
0.0,9284856.240000019,828.485624000002,,0,0.0,17.093620396216185
0.0,9284856.240000019,828.485624000002,,0,0.0,17.093620396216185
0.0,9284856.240000019,828.485624000002,,0,0.0,17.093620396216185
0.0,9284856.240000019,828.485624000002,,0,0.0,17.093620396216185
0.0,9284856.240000019,828.485624000002,,0,0.0,17.093620396216185
333.0,9284856.240000019,828.485624000002,,0,0.0,17.093620396216185
0.0,9209514.990000019,820.9514990000018,,0,0.8180805404172521,18.05154051874768
0.0,9209514.990000019,820.9514990000018,,0,0.0,18.05154051874768
0.0,9209514.990000019,820.9514990000018,,0,0.0,18.05154051874768
324.0,9209514.990000019,820.9514990000018,,0,0.0,18.05154051874768
0.0,9552138.510000018,855.2138510000018,,0,0.0,13.817176212617465
0.0,9552138.510000018,855.2138510000018,,0,0.0,13.817176212617465
0.0,9552138.510000018,855.2138510000018,,0,0.0,13.817176212617465
0.0,9552138.510000018,855.2138510000018,,0,0.0,13.817176212617465
0.0,9552138.510000018,855.2138510000018,,0,0.0,13.817176212617465
0.0,9552138.510000018,855.2138510000018,,0,0.0,13.817176212617465
0.0,9552138.510000018,855.2138510000018,,0,0.0,13.817176212617465
0.0,9552138.510000018,855.2138510000018,,0,0.0,13.817176212617465
0.0,9552138.510000018,855.2138510000018,,0,0.0,13.817176212617465
0.0,9552138.510000018,855.2138510000018,,0,0.0,13.817176212617465
0.0,9552138.510000018,855.2138510000018,,0,0.0,13.817176212617465
345.0,9552138.510000018,855.2138510000018,,0,0.0,13.817176212617465
0.0,9566117.910000019,856.6117910000019,,0,0.0,13.650850034316504
346.0,9566117.910000019,856.6117910000019,,0,0.0,13.650850034316504
0.0,9784142.89000002,878.414289000002,,0,0.0,11.118310946908013
365.0,9784142.89000002,878.414289000002,,0,0.0,11.118310946908013
0.0,9791344.340000018,879.1344340000018,,0,0.0,11.036584379791027
363.0,9791344.340000018,879.1344340000018,,0,0.0,11.036584379791027
0.0,9702583.580000019,870.2583580000019,,0,0.9148157216904861,12.052364510525477
0.0,9702583.580000019,870.2583580000019,,0,0.0,12.052364510525477
0.0,9702583.580000019,870.2583580000019,,0,0.0,12.052364510525477
0.0,9702583.580000019,870.2583580000019,,0,0.0,12.052364510525477
0.0,9702583.580000019,870.2583580000019,,0,0.0,12.052364510525477
0.0,9702583.580000019,870.2583580000019,,0,0.0,12.052364510525477
0.0,9702583.580000019,870.2583580000019,,0,0.0,12.052364510525477
0.0,9702583.580000019,870.2583580000019,,0,0.0,12.052364510525477
0.0,9702583.580000019,870.2583580000019,,0,0.0,12.052364510525477
368.0,9702583.580000019,870.2583580000019,,0,0.0,12.052364510525477
0.0,9649304.540000018,864.9304540000016,,0,0.5521541970111855,12.671066344020614
0.0,9649304.540000018,864.9304540000016,,0,0.0,12.671066344020614
0.0,9649304.540000018,864.9304540000016,,0,0.0,12.671066344020614
343.0,9649304.540000018,864.9304540000016,,0,0.0,12.671066344020614
0.0,9536594.740000019,853.659474000002,,0,1.1818663062953922,14.002687714084324
0.0,9536594.740000019,853.659474000002,,0,0.0,14.002687714084324
0.0,9536594.740000019,853.659474000002,,0,0.0,14.002687714084324
0.0,9536594.740000019,853.659474000002,,0,0.0,14.002687714084324
0.0,9536594.740000019,853.659474000002,,0,0.0,14.002687714084324
352.0,9536594.740000019,853.659474000002,,0,0.0,14.002687714084324
0.0,9520406.26000002,852.0406260000021,,0,0.1700398024821112,14.196537659097649
370.0,9520406.26000002,852.0406260000021,,0,0.0,14.196537659097649
0.0,8964710.66000002,796.4710660000021,,0,6.19870089594167,21.2752394621065
340.0,8964710.66000002,796.4710660000021,,0,0.0,21.2752394621065
0.0,8910558.86000002,791.0558860000019,,0,0.6077261914860481,22.012260856105147
336.0,8910558.86000002,791.0558860000019,,0,0.0,22.012260856105147
0.0,9124456.460000021,812.4456460000021,,0,0.0,19.15202146736955
0.0,9124456.460000021,812.4456460000021,,0,0.0,19.15202146736955
352.0,9124456.460000021,812.4456460000021,,0,0.0,19.15202146736955
0.0,9114227.34000002,811.422734000002,,0,0.11223244295331589,19.28574869189064
362.0,9114227.34000002,811.422734000002,,0,0.0,19.28574869189064
0.0,8944127.160000019,794.4127160000019,,0,1.9018086053240013,21.554335325438178
339.0,8944127.160000019,794.4127160000019,,0,0.0,21.554335325438178
0.0,8885822.550000018,788.5822550000017,,0,0.6561532111622143,22.351917999982927
0.0,8885822.550000018,788.5822550000017,,0,0.0,22.351917999982927
0.0,8885822.550000018,788.5822550000017,,0,0.0,22.351917999982927
313.0,8885822.550000018,788.5822550000017,,0,0.0,22.351917999982927
0.0,9413509.250000017,841.3509250000017,,0,0.0,15.493319560927759
314.0,9413509.250000017,841.3509250000017,,0,0.0,15.493319560927759
0.0,9665833.370000018,866.5833370000017,,0,0.0,12.478395848861952
316.0,9665833.370000018,866.5833370000017,,0,0.0,12.478395848861952
0.0,9645366.050000018,864.5366050000017,,0,0.21219847846002962,12.717073293449484
0.0,9645366.050000018,864.5366050000017,,0,0.0,12.717073293449484
0.0,9645366.050000018,864.5366050000017,,0,0.0,12.717073293449484
0.0,9645366.050000018,864.5366050000017,,0,0.0,12.717073293449484
0.0,9645366.050000018,864.5366050000017,,0,0.0,12.717073293449484
316.0,9645366.050000018,864.5366050000017,,0,0.0,12.717073293449484
0.0,9681358.450000018,868.1358450000017,,0,0.0,12.29802487067291
316.0,9681358.450000018,868.1358450000017,,0,0.0,12.29802487067291
0.0,9851736.170000019,885.1736170000019,,0,0.0,10.355922371396522
0.0,9851736.170000019,885.1736170000019,,0,0.0,10.355922371396522
322.0,9851736.170000019,885.1736170000019,,0,0.0,10.355922371396522
0.0,9655515.81000002,865.5515810000019,,0,2.032210022345756,12.598586486080144
0.0,9655515.81000002,865.5515810000019,,0,0.0,12.598586486080144
0.0,9655515.81000002,865.5515810000019,,0,0.0,12.598586486080144
320.0,9655515.81000002,865.5515810000019,,0,0.0,12.598586486080144
0.0,9735791.01000002,873.5791010000021,,0,0.0,11.670169468849256
0.0,9735791.01000002,873.5791010000021,,0,0.0,11.670169468849256
0.0,9735791.01000002,873.5791010000021,,0,0.0,11.670169468849256
309.0,9735791.01000002,873.5791010000021,,0,0.0,11.670169468849256
0.0,9382845.03000002,838.284503000002,,0,3.761609393222598,15.870765053017086
309.0,9382845.03000002,838.284503000002,,0,0.0,15.870765053017086
0.0,9365068.26000002,836.5068260000021,,0,0.18981997254550192,16.090710907428985
0.0,9365068.26000002,836.5068260000021,,0,0.0,16.090710907428985
0.0,9365068.26000002,836.5068260000021,,0,0.0,16.090710907428985
0.0,9365068.26000002,836.5068260000021,,0,0.0,16.090710907428985
0.0,9365068.26000002,836.5068260000021,,0,0.0,16.090710907428985
0.0,9365068.26000002,836.5068260000021,,0,0.0,16.090710907428985
0.0,9365068.26000002,836.5068260000021,,0,0.0,16.090710907428985
0.0,9365068.26000002,836.5068260000021,,0,0.0,16.090710907428985
320.0,9365068.26000002,836.5068260000021,,0,0.0,16.090710907428985
0.0,9348297.060000021,834.8297060000021,,0,0.17940379827852002,16.29898205224545
0.0,9348297.060000021,834.8297060000021,,0,0.0,16.29898205224545
0.0,9348297.060000021,834.8297060000021,,0,0.0,16.29898205224545
0.0,9348297.060000021,834.8297060000021,,0,0.0,16.29898205224545
0.0,9348297.060000021,834.8297060000021,,0,0.0,16.29898205224545
0.0,9348297.060000021,834.8297060000021,,0,0.0,16.29898205224545
0.0,9348297.060000021,834.8297060000021,,0,0.0,16.29898205224545
314.0,9348297.060000021,834.8297060000021,,0,0.0,16.29898205224545
0.0,9185023.340000018,818.5023340000018,,0,1.7776081122076082,18.366322191621034
314.0,9185023.340000018,818.5023340000018,,0,0.0,18.366322191621034
0.0,9160013.24000002,816.0013240000021,,0,0.27303563155109273,18.689504426960728
0.0,9160013.24000002,816.0013240000021,,0,0.0,18.689504426960728
0.0,9160013.24000002,816.0013240000021,,0,0.0,18.689504426960728
313.0,9160013.24000002,816.0013240000021,,0,0.0,18.689504426960728
0.0,9335092.920000019,833.5092920000019,,0,0.0,16.46348261523241
0.0,9335092.920000019,833.5092920000019,,0,0.0,16.46348261523241
0.0,9335092.920000019,833.5092920000019,,0,0.0,16.46348261523241
0.0,9335092.920000019,833.5092920000019,,0,0.0,16.46348261523241
0.0,9335092.920000019,833.5092920000019,,0,0.0,16.46348261523241
0.0,9335092.920000019,833.5092920000019,,0,0.0,16.46348261523241
317.0,9335092.920000019,833.5092920000019,,0,0.0,16.46348261523241
0.0,9261888.110000018,826.1888110000019,,0,0.7903875444247878,17.383995475626538
322.0,9261888.110000018,826.1888110000019,,0,0.0,17.383995475626538
0.0,9940374.310000017,894.0374310000017,,0,0.0,9.371880584645655
381.0,9940374.310000017,894.0374310000017,,0,0.0,9.371880584645655
0.0,9922844.500000019,892.2844500000018,,0,0.17666113784206358,9.565098193365753
378.0,9922844.500000019,892.2844500000018,,0,0.0,9.565098193365753
0.0,9946684.96000002,894.668496000002,,0,0.0,9.302489861908645
381.0,9946684.96000002,894.668496000002,,0,0.0,9.302489861908645
0.0,9803154.64000002,880.3154640000018,,0,1.4641237976023604,10.902813627348758
0.0,9803154.64000002,880.3154640000018,,0,0.0,10.902813627348758
0.0,9803154.64000002,880.3154640000018,,0,0.0,10.902813627348758
0.0,9803154.64000002,880.3154640000018,,0,0.0,10.902813627348758
0.0,9803154.64000002,880.3154640000018,,0,0.0,10.902813627348758
0.0,9803154.64000002,880.3154640000018,,0,0.0,10.902813627348758
353.0,9803154.64000002,880.3154640000018,,0,0.0,10.902813627348758
0.0,9656183.09000002,865.618309000002,,0,1.5220460158031093,12.590805483577366
0.0,9656183.09000002,865.618309000002,,0,0.0,12.590805483577366
0.0,9656183.09000002,865.618309000002,,0,0.0,12.590805483577366
0.0,9656183.09000002,865.618309000002,,0,0.0,12.590805483577366
371.0,9656183.09000002,865.618309000002,,0,0.0,12.590805483577366
0.0,9710048.58000002,871.0048580000021,,0,0.0,11.966219637595163
0.0,9710048.58000002,871.0048580000021,,0,0.0,11.966219637595163
0.0,9710048.58000002,871.0048580000021,,0,0.0,11.966219637595163
0.0,9710048.58000002,871.0048580000021,,0,0.0,11.966219637595163
0.0,9710048.58000002,871.0048580000021,,0,0.0,11.966219637595163
374.0,9710048.58000002,871.0048580000021,,0,0.0,11.966219637595163
0.0,9732488.58000002,873.2488580000021,,0,0.0,11.708061413414885
386.0,9732488.58000002,873.2488580000021,,0,0.0,11.708061413414885
0.0,9470942.700000022,847.0942700000021,,0,2.7615612118527375,14.792947907920388
0.0,9470942.700000022,847.0942700000021,,0,0.0,14.792947907920388
0.0,9470942.700000022,847.0942700000021,,0,0.0,14.792947907920388
0.0,9470942.700000022,847.0942700000021,,0,0.0,14.792947907920388
0.0,9470942.700000022,847.0942700000021,,0,0.0,14.792947907920388
357.0,9470942.700000022,847.0942700000021,,0,0.0,14.792947907920388
0.0,9554837.700000022,855.4837700000021,,0,0.0,13.785023475594867
0.0,9554837.700000022,855.4837700000021,,0,0.0,13.785023475594867
0.0,9554837.700000022,855.4837700000021,,0,0.0,13.785023475594867
0.0,9554837.700000022,855.4837700000021,,0,0.0,13.785023475594867
359.0,9554837.700000022,855.4837700000021,,0,0.0,13.785023475594867
0.0,9553337.080000022,855.3337080000022,,0,0.015707809610745745,13.802896610447956
0.0,9553337.080000022,855.3337080000022,,0,0.0,13.802896610447956
0.0,9553337.080000022,855.3337080000022,,0,0.0,13.802896610447956
0.0,9553337.080000022,855.3337080000022,,0,0.0,13.802896610447956
0.0,9553337.080000022,855.3337080000022,,0,0.0,13.802896610447956
353.0,9553337.080000022,855.3337080000022,,0,0.0,13.802896610447956
0.0,9512943.290000021,851.2943290000022,,0,0.4246192662838935,14.286125635045059
0.0,9512943.290000021,851.2943290000022,,0,0.0,14.286125635045059
0.0,9512943.290000021,851.2943290000022,,0,0.0,14.286125635045059
345.0,9512943.290000021,851.2943290000022,,0,0.0,14.286125635045059
0.0,9536420.540000021,853.6420540000021,,0,0.0,14.004770179734427
343.0,9536420.540000021,853.6420540000021,,0,0.0,14.004770179734427
0.0,9662706.280000022,866.2706280000021,,0,0.0,12.514796631073722
345.0,9662706.280000022,866.2706280000021,,0,0.0,12.514796631073722
0.0,9671531.38000002,867.153138000002,,0,0.0,12.412128884598538
0.0,9671531.38000002,867.153138000002,,0,0.0,12.412128884598538
0.0,9671531.38000002,867.153138000002,,0,0.0,12.412128884598538
0.0,9671531.38000002,867.153138000002,,0,0.0,12.412128884598538
0.0,9671531.38000002,867.153138000002,,0,0.0,12.412128884598538
0.0,9671531.38000002,867.153138000002,,0,0.0,12.412128884598538
360.0,9671531.38000002,867.153138000002,,0,0.0,12.412128884598538
0.0,9674958.580000019,867.4958580000018,,0,0.0,12.372308678142085
0.0,9674958.580000019,867.4958580000018,,0,0.0,12.372308678142085
339.0,9674958.580000019,867.4958580000018,,0,0.0,12.372308678142085
0.0,9639407.650000019,863.9407650000019,,0,0.368808243108171,12.786747015518033
340.0,9639407.650000019,863.9407650000019,,0,0.0,12.786747015518033
0.0,9773269.05000002,877.326905000002,,0,0.0,11.241942326349767
329.0,9773269.05000002,877.326905000002,,0,0.0,11.241942326349767
0.0,9852479.090000018,885.2479090000019,,0,0.0,10.34760105235598
328.0,9852479.090000018,885.2479090000019,,0,0.0,10.34760105235598
0.0,10861908.930000018,986.1908930000018,,0,0.0,0.0926668605386198
320.0,10861908.930000018,986.1908930000018,,0,0.0,0.0926668605386198
0.0,11045371.330000017,1004.5371330000016,,0,0.0,0.0
323.0,11045371.330000017,1004.5371330000016,,0,0.0,0.0
0.0,10961507.610000014,996.1507610000015,,0,0.7650746866561945,0.7650746866561945
0.0,10961507.610000014,996.1507610000015,,0,0.0,0.7650746866561945
0.0,10961507.610000014,996.1507610000015,,0,0.0,0.7650746866561945
0.0,10961507.610000014,996.1507610000015,,0,0.0,0.7650746866561945
0.0,10961507.610000014,996.1507610000015,,0,0.0,0.7650746866561945
309.0,10961507.610000014,996.1507610000015,,0,0.0,0.7650746866561945
0.0,10813237.050000014,981.3237050000014,,0,1.3711949466603095,2.146760298758111
0.0,10813237.050000014,981.3237050000014,,0,0.0,2.146760298758111
0.0,10813237.050000014,981.3237050000014,,0,0.0,2.146760298758111
0.0,10813237.050000014,981.3237050000014,,0,0.0,2.146760298758111
0.0,10813237.050000014,981.3237050000014,,0,0.0,2.146760298758111
0.0,10813237.050000014,981.3237050000014,,0,0.0,2.146760298758111
0.0,10813237.050000014,981.3237050000014,,0,0.0,2.146760298758111
294.0,10813237.050000014,981.3237050000014,,0,0.0,2.146760298758111
0.0,10989795.810000014,998.9795810000013,,0,0.0,0.5057011154787161
0.0,10989795.810000014,998.9795810000013,,0,0.0,0.5057011154787161
296.0,10989795.810000014,998.9795810000013,,0,0.0,0.5057011154787161
0.0,10811840.610000014,981.1840610000015,,0,1.6459288147052977,2.159953410559964
0.0,10811840.610000014,981.1840610000015,,0,0.0,2.159953410559964
0.0,10811840.610000014,981.1840610000015,,0,0.0,2.159953410559964
0.0,10811840.610000014,981.1840610000015,,0,0.0,2.159953410559964
0.0,10811840.610000014,981.1840610000015,,0,0.0,2.159953410559964
0.0,10811840.610000014,981.1840610000015,,0,0.0,2.159953410559964
0.0,10811840.610000014,981.1840610000015,,0,0.0,2.159953410559964
0.0,10811840.610000014,981.1840610000015,,0,0.0,2.159953410559964
0.0,10811840.610000014,981.1840610000015,,0,0.0,2.159953410559964
0.0,10811840.610000014,981.1840610000015,,0,0.0,2.159953410559964
289.0,10811840.610000014,981.1840610000015,,0,0.0,2.159953410559964
0.0,10933015.420000015,993.3015420000014,,0,0.0,1.0276754004614939
0.0,10933015.420000015,993.3015420000014,,0,0.0,1.0276754004614939
0.0,10933015.420000015,993.3015420000014,,0,0.0,1.0276754004614939
0.0,10933015.420000015,993.3015420000014,,0,0.0,1.0276754004614939
0.0,10933015.420000015,993.3015420000014,,0,0.0,1.0276754004614939
0.0,10933015.420000015,993.3015420000014,,0,0.0,1.0276754004614939
0.0,10933015.420000015,993.3015420000014,,0,0.0,1.0276754004614939
0.0,10933015.420000015,993.3015420000014,,0,0.0,1.0276754004614939
0.0,10933015.420000015,993.3015420000014,,0,0.0,1.0276754004614939
273.0,10933015.420000015,993.3015420000014,,0,0.0,1.0276754004614939
0.0,11484158.740000013,1048.4158740000014,,0,0.0,0.0
260.0,11484158.740000013,1048.4158740000014,,0,0.0,0.0
0.0,11403394.940000014,1040.3394940000014,,0,0.7082434698170577,0.7082434698170577
263.0,11403394.940000014,1040.3394940000014,,0,0.0,0.7082434698170577
0.0,11639529.490000013,1063.9529490000014,,0,0.0,0.0
0.0,11639529.490000013,1063.9529490000014,,0,0.0,0.0
0.0,11639529.490000013,1063.9529490000014,,0,0.0,0.0
282.0,11639529.490000013,1063.9529490000014,,0,0.0,0.0
0.0,11706924.670000013,1070.6924670000014,,0,0.0,0.0
273.0,11706924.670000013,1070.6924670000014,,0,0.0,0.0
0.0,11748756.460000014,1074.8756460000013,,0,0.0,0.0
0.0,11748756.460000014,1074.8756460000013,,0,0.0,0.0
0.0,11748756.460000014,1074.8756460000013,,0,0.0,0.0
0.0,11748756.460000014,1074.8756460000013,,0,0.0,0.0
275.0,11748756.460000014,1074.8756460000013,,0,0.0,0.0
0.0,11643758.710000014,1064.3758710000016,,0,0.9017513383356591,0.9017513383356591
0.0,11643758.710000014,1064.3758710000016,,0,0.0,0.9017513383356591
0.0,11643758.710000014,1064.3758710000016,,0,0.0,0.9017513383356591
0.0,11643758.710000014,1064.3758710000016,,0,0.0,0.9017513383356591
0.0,11643758.710000014,1064.3758710000016,,0,0.0,0.9017513383356591
0.0,11643758.710000014,1064.3758710000016,,0,0.0,0.9017513383356591
0.0,11643758.710000014,1064.3758710000016,,0,0.0,0.9017513383356591
0.0,11643758.710000014,1064.3758710000016,,0,0.0,0.9017513383356591
0.0,11643758.710000014,1064.3758710000016,,0,0.0,0.9017513383356591
0.0,11643758.710000014,1064.3758710000016,,0,0.0,0.9017513383356591
0.0,11643758.710000014,1064.3758710000016,,0,0.0,0.9017513383356591
276.0,11643758.710000014,1064.3758710000016,,0,0.0,0.9017513383356591
0.0,11683309.510000015,1068.3309510000015,,0,0.0,0.560174751374871
