Entry Index,Exit Index,Trade Duration,Entry Price,Exit Price,Returns for Trade in %,Type of Trade,Trade Close By,No. of Stocks Traded,Profit/Loss,Capital,Max Drawdown for Trade,Max Dip for Trade
2,3,1,7344.96,7354.11,0.12457521892562569,long,signal,136,1244.3999999999505,1001244.3999999999,0.0,0.0
4,5,1,7358.75,7758.0,5.42551384406319,long,signal,136,54298.0,1055542.4,0.0,0.0
13,14,1,8810.01,8821.41,0.12939826402012752,long,signal,119,1356.5999999999567,1056899.0,0.0,0.0
20,21,1,8736.03,8682.36,-0.61435228587814,long,signal,120,-6440.400000000009,1050458.6,0.6131036482541916,0.6093675933083396
37,38,1,9813.73,9895.05,0.8286349838440603,long,signal,107,8701.239999999969,1059159.84,0.0,0.0
40,41,1,9851.83,10223.08,3.768335426007148,long,signal,107,39723.75,1098883.59,0.0,0.0
43,44,1,10229.63,10344.36,1.121545940566779,long,signal,107,12276.110000000148,1111159.7000000002,0.0,0.0
46,47,1,9917.27,9706.0,-2.130324171873917,long,signal,112,-23662.24000000005,1087497.4600000002,2.175843242889044,2.1295084765943173
48,49,1,10164.71,9593.79,-5.616687539536281,long,signal,106,-60517.519999999815,1026979.9400000003,5.892765539315197,5.564842422712407
51,52,1,9677.05,9650.86,-0.2706403294392268,long,signal,106,-2776.139999999861,1024203.8000000004,0.27105347588047385,0.2703207620588866
55,56,1,9315.84,8785.25,5.695567978840342,short,signal,109,57834.31000000001,1082038.1100000003,0.0,0.0
58,59,1,8692.91,8523.61,1.9475641643592223,short,signal,124,20993.19999999991,1103031.3100000003,0.0,0.0
66,67,1,8886.66,8033.31,9.602595350784203,short,ID,124,105815.39999999994,1208846.7100000002,0.0,0.0
68,69,1,7929.87,7894.56,0.445278421966558,short,signal,152,5367.119999999923,1214213.83,0.0,0.0
70,71,1,7934.52,4800.0,39.50484717412018,short,trailing_take_profit,153,479581.56000000006,1693795.3900000001,0.0,0.0
72,73,1,5578.6,5172.06,7.287491485318896,short,ID,303,123181.62,1816977.0100000002,0.0,0.0
74,75,1,5361.3,5028.97,-6.198683155204892,long,ID,338,-112327.53999999998,1704649.4700000002,6.5894802407676245,6.182111242012909
76,77,1,5312.64,5393.04,-1.513371882905667,short,signal,320,-25727.999999999884,1678921.4700000002,1.532412352794559,1.509283899874148
89,90,1,6394.38,6410.44,0.25115804816103343,long,signal,262,4207.719999999867,1683129.19,0.0,0.0
92,93,1,6794.09,6734.1,-0.882973290021177,long,signal,247,-14817.529999999946,1668311.6600000001,0.8881751746553035,0.8803560705877721
106,107,1,7101.94,7027.55,-1.0474602714187873,long,signal,234,-17407.259999999864,1650904.4000000001,1.0544075114222247,1.0434057626858526
108,109,1,7248.6,7120.74,-1.763926827249408,long,signal,227,-29024.220000000132,1621880.18,1.7895415677377724,1.75807999542555
110,111,1,6826.83,6841.37,0.21298318546089423,long,signal,237,3445.9799999999914,1625326.16,0.0,0.0
112,113,1,7125.14,7482.39,5.013936568263921,long,signal,228,81453.0,1706779.16,0.0,0.0
119,120,1,8778.57,8620.0,-1.806330643829231,long,signal,194,-30762.579999999944,1676016.58,1.835457976197338,1.8023761199427724
121,122,1,8826.96,8972.05,1.643714257230124,long,signal,189,27422.010000000028,1703438.59,0.0,0.0
123,124,1,8894.16,8871.96,-0.24960198602229697,long,signal,191,-4240.200000000139,1699198.39,0.24954119689344728,0.2489200388491954
126,127,1,9142.92,9986.4,9.225499074693856,long,ID,185,156043.79999999993,1855242.19,0.0,0.0
128,129,1,9800.01,9539.4,-2.6592830007316377,long,signal,189,-49255.29000000011,1805986.8999999997,2.727333736473962,2.6549250693786925
130,131,1,8722.77,8561.52,-1.848610017230765,long,signal,207,-33378.75,1772608.1499999997,1.8830303809671645,1.8482276920170355
133,134,1,9309.37,9791.98,5.184131686676958,long,signal,190,91695.89999999976,1864304.0499999996,0.0,0.0
141,142,1,9068.65,9170.0,1.1175864103256865,long,signal,205,20776.750000000073,1885080.7999999996,0.0,0.0
152,153,1,10200.77,9518.04,-6.692926122243708,long,nextday,184,-125622.31999999992,1759458.4799999995,7.139828613631173,6.664028406633822
154,155,1,9666.24,9789.06,1.2706078061376473,long,signal,182,22353.239999999947,1781811.7199999995,0.0,0.0
162,163,1,9280.4,9465.13,1.9905392008965084,long,signal,191,35283.42999999992,1817095.1499999994,0.0,0.0
165,166,1,9342.1,9426.02,0.8982990976332952,long,signal,194,16280.480000000014,1833375.6299999994,0.0,0.0
168,169,1,9465.14,9386.32,-0.8327399277770822,long,signal,193,-15212.259999999944,1818163.3699999996,0.8366827894019105,0.8297404934961299
173,174,1,9685.69,9624.89,-0.6277301875240803,long,signal,187,-11369.600000000204,1806793.7699999996,0.6292693825261583,0.6253343449549363
187,188,1,9344.2,9257.39,0.9290254917489064,short,signal,193,16754.330000000253,1823548.0999999999,0.0,0.0
198,199,1,9154.32,9170.28,-0.1743439163149305,short,signal,199,-3176.0400000001882,1820372.0599999996,0.17447202524083294,0.17416815054125911
202,203,1,9390.0,9518.16,1.3648562300319473,long,signal,193,24734.879999999972,1845106.9399999995,0.0,0.0
204,205,1,9603.27,9537.8,-0.6817469466129887,long,signal,192,-12570.240000000224,1832536.6999999993,0.6859475174494584,0.681274333074712
206,207,1,9700.42,9931.54,2.382577249232516,long,signal,188,43450.56000000015,1875987.2599999995,0.0,0.0
208,209,1,11029.96,10906.27,-1.1214002589311176,long,signal,170,-21027.299999999777,1854959.9599999997,1.133571637848173,1.1208658208051914
210,211,1,11100.53,11099.61,-0.008287892560085624,long,signal,167,-153.64000000001215,1854806.3199999998,0.008283344645919557,0.008282658564764792
212,213,1,11335.46,11801.17,4.108434946618849,long,signal,163,75910.73000000016,1930717.05,0.0,0.0
214,215,1,11071.35,11219.81,1.3409385485961434,long,signal,174,25832.039999999848,1956549.0899999999,0.0,0.0
216,217,1,11191.97,11744.91,4.940506452393998,long,signal,174,96211.56000000008,2052760.6500000001,0.0,0.0
218,219,1,11762.46,11594.23,-1.4302280305310249,long,signal,174,-29272.019999999924,2023488.6300000004,1.4466115384102645,1.425983102316375
220,221,1,11761.41,11681.68,-0.6778949122596659,long,signal,172,-13713.559999999925,2009775.0700000003,0.682343024585336,0.6777186585921193
222,223,1,11892.92,11392.08,-4.211245009635986,long,signal,168,-84141.12000000002,1925633.9500000002,4.369528279245394,4.186593875900754
229,230,1,12281.13,11945.01,-2.7368817038822892,long,signal,156,-52434.71999999984,1873199.2300000004,2.7992067880574414,2.7229848123523026
231,232,1,11754.59,11853.55,0.8418838938661334,long,signal,159,15734.639999999861,1888933.8700000003,0.0,0.0
246,247,1,10140.85,10446.25,-3.011581869369921,short,signal,186,-56804.399999999936,1832129.4700000004,3.100457742214031,3.0072201521803352
248,249,1,10166.69,10256.2,-0.8804242088624736,short,signal,180,-16111.80000000004,1816017.6700000004,0.8872050237264509,0.8794029168691906
264,265,1,10417.22,10529.61,-1.0788866895390636,short,signal,174,-19555.860000000215,1796461.8100000003,1.0885764390393637,1.0768540594651868
270,271,1,10774.25,10696.12,-0.7251548831705149,long,signal,166,-12969.579999999867,1783492.2300000004,0.7272013739022478,0.7219513338833426
274,275,1,10619.13,10570.4,0.45888881669213544,short,Max Drawdown Limit,167,8137.909999999927,1791630.1400000004,0.0,0.0
276,277,1,10542.06,10666.63,-1.1816476096702135,short,signal,169,-21052.32999999995,1770577.8100000005,1.18900902751062,1.175037722908582
282,283,1,11050.64,11293.22,2.1951669767542867,long,Max Drawdown Limit,160,38812.79999999999,1809390.6100000006,0.0,0.0
285,286,1,11528.25,11420.56,-0.9341400472751763,long,signal,156,-16799.64000000008,1792590.9700000004,0.9371708482945291,0.9284695027791775
287,288,1,11417.89,11505.12,0.7639765315658268,long,signal,156,13607.880000000216,1806198.8500000008,0.0,0.0
289,290,1,11319.32,11360.2,0.3611524367188225,long,signal,159,6499.920000000162,1812698.770000001,0.0,0.0
291,292,1,11503.14,11751.47,2.158801857579756,long,signal,157,38987.80999999999,1851686.5800000008,0.0,0.0
293,294,1,11909.99,12780.96,7.312936450828249,long,signal,155,135000.3499999999,1986686.9300000006,0.0,0.0
295,296,1,12968.52,12923.07,-0.35046404678406423,long,signal,153,-6953.850000000111,1979733.0800000005,0.3512518970486714,0.35002243660001786
297,298,1,13111.73,13028.83,-0.6322582908586406,long,signal,150,-12434.999999999945,1967298.0800000005,0.6320851998188295,0.6281149780050145
299,300,1,13052.19,13636.17,4.4741916873720005,long,signal,150,87596.99999999994,2054895.0800000005,0.0,0.0
301,302,1,13266.4,13455.7,1.4269131037809888,long,signal,154,29152.200000000168,2084047.2800000007,0.0,0.0
303,304,1,13560.1,13791.0,1.7027898024350827,long,signal,153,35327.699999999946,2119374.9800000004,0.0,0.0
305,306,1,13761.5,13549.37,-1.5414744032263865,long,signal,154,-32668.019999999877,2086706.9600000007,1.5655298336667154,1.5413987759730832
307,308,1,14023.53,14144.01,0.8591274807412939,long,signal,148,17831.039999999935,2104538.0000000005,0.0,0.0
309,310,1,15590.02,15579.92,-0.06478503555479957,long,signal,134,-1353.4000000000487,2103184.6000000006,0.06435003375357097,0.06430865111487208
311,312,1,14818.3,15475.1,4.432357287948017,long,signal,141,92608.80000000015,2195793.400000001,0.0,0.0
313,314,1,15328.41,15297.21,-0.20354361606977323,long,signal,143,-4461.600000000104,2191331.8000000007,0.20360221122150884,0.20318851491219944
315,316,1,15684.24,16291.86,3.874079968171877,long,signal,139,84459.18000000011,2275790.980000001,0.0,0.0
320,321,1,16713.57,17659.38,5.658934626175026,long,signal,136,128630.16000000018,2404421.140000001,0.0,0.0
322,323,1,17776.12,17802.82,0.1502015062904657,long,signal,135,3604.500000000098,2408025.6400000015,0.0,0.0
324,325,1,18655.67,18703.8,0.2579912702143693,long,signal,129,6208.770000000131,2414234.4100000015,0.0,0.0
328,329,1,19160.01,18719.11,-2.3011470244535253,long,signal,126,-55553.399999999725,2358681.0100000016,2.355273975771733,2.3010773009402956
330,331,1,17149.47,17139.52,-0.058019285727201636,long,signal,137,-1363.1500000000997,2357317.8600000017,0.057826312824860455,0.05779289332557546
332,333,1,17719.85,18184.99,2.6249657869564533,long,signal,133,61863.6200000004,2419181.4800000023,0.0,0.0
334,335,1,19695.87,18764.96,-4.726422341333487,long,signal,122,-113571.01999999999,2305610.4600000028,4.9258546476233205,4.694605218290587
350,351,1,21335.52,22797.16,6.850735299631785,long,signal,108,157857.11999999994,2463467.5800000024,0.0,0.0
352,353,1,23107.39,23821.61,3.09087266021823,long,signal,106,75707.32000000012,2539174.9000000027,0.0,0.0
354,355,1,23455.52,22719.71,-3.1370440732075067,long,signal,108,-79467.48000000014,2459707.4200000023,3.230769617306776,3.129657590739431
356,357,1,23810.79,23232.76,-2.427596900396847,long,signal,103,-59537.09000000026,2400170.330000002,2.480536037623641,2.420494792018811
358,359,1,23729.2,24712.47,4.143713230955955,long,signal,101,99310.27000000005,2499480.600000002,0.0,0.0
360,361,1,26493.39,26281.66,-0.7991804748278705,long,signal,94,-19902.61999999996,2479577.980000002,0.8026615884046566,0.7962702331036334
362,363,1,27079.41,27385.0,1.1284957833276286,long,signal,91,27808.690000000013,2507386.670000002,0.0,0.0
364,365,1,28875.54,28923.63,0.16654233998740853,long,signal,86,4135.7400000000125,2511522.410000002,0.0,0.0
367,368,1,32178.33,33000.05,2.553644020681002,long,signal,78,64094.16000000009,2575616.570000002,0.0,0.0
369,370,1,31988.71,33949.53,6.129725143652244,long,ID,80,156865.59999999998,2732482.1700000023,0.0,0.0
371,372,1,36769.36,39432.28,7.24222559217783,long,ID,74,197056.07999999987,2929538.250000002,0.0,0.0
373,374,1,40582.81,40088.22,-1.2187179744330088,long,signal,72,-35610.47999999975,2893927.770000002,1.230524146772328,1.2155663098100855
375,376,1,38150.02,35404.47,-7.196719687171845,long,ID,75,-205916.24999999968,2688011.5200000023,7.660541945891637,7.1154592085758726
378,379,1,37371.38,39144.5,4.744593322483683,long,signal,71,125891.5200000002,2813903.0400000024,0.0,0.0
386,387,1,30850.13,32945.17,6.7910248676423635,long,ID,91,190648.63999999975,3004551.680000002,0.0,0.0
388,389,1,32078.0,32259.9,0.5670553026996741,long,signal,93,16916.700000000135,3021468.380000002,0.0,0.0
394,395,1,34252.2,34262.88,0.031180478918143337,long,signal,88,939.8400000000256,3022408.2200000025,0.0,0.0
396,397,1,33092.98,33526.37,1.3096130961913957,long,signal,91,39438.48999999995,3061846.7100000028,0.0,0.0
398,399,1,35466.24,37618.87,6.069518505485794,long,signal,86,185126.1800000004,3246972.8900000034,0.0,0.0
402,403,1,39186.94,38795.69,-0.998419371351782,long,signal,82,-32082.5,3214890.3900000034,0.9979344894554855,0.9880741566647318
404,405,1,46374.87,46420.42,0.09822129959608648,long,signal,69,3142.949999999699,3218033.340000003,0.0,0.0
406,407,1,44807.58,47969.51,7.056685498301849,long,ID,71,224497.03000000003,3442530.370000003,0.0,0.0
414,415,1,51552.6,55906.0,8.444578934913082,long,ID,66,287324.4000000001,3729854.770000003,0.0,0.0
417,418,1,57408.57,54087.67,-5.784676399359889,long,ID,64,-212537.6000000001,3517317.1700000027,6.042605478197462,5.69828084754088
421,422,1,47073.73,46276.87,-1.6927912871998894,long,signal,74,-58967.64000000004,3458349.530000003,1.705080400013807,1.6764948155073436
425,426,1,49587.03,48440.65,-2.3118545313159458,long,signal,69,-79100.21999999983,3379249.3100000033,2.3407630732045535,2.287224565181521
430,431,1,48882.2,50971.75,4.274664397265268,long,signal,69,144178.9500000002,3523428.2600000035,0.0,0.0
434,435,1,55851.59,57773.16,3.4404929206133743,long,signal,63,121058.91000000044,3644487.1700000037,0.0,0.0
437,438,1,61188.39,58968.31,-3.6282700035088387,long,signal,59,-130984.7200000001,3513502.450000004,3.728038385173165,3.5940507920624567
439,440,1,55605.2,56900.75,2.3299079942163736,long,signal,63,81619.65000000018,3595122.1000000043,0.0,0.0
441,442,1,58912.97,57648.16,-2.1469126407987877,long,signal,61,-77153.40999999986,3517968.6900000046,2.193123839314203,2.1460581269270267
448,449,1,52303.65,51293.78,-1.9307830333064757,long,signal,67,-67661.29000000018,3450307.400000004,1.9610220816846762,1.9233056335131968
450,451,1,55025.59,55817.14,1.4385125175395719,long,signal,62,49076.10000000018,3499383.5000000047,0.0,0.0
453,454,1,57635.47,58746.57,1.9278059153503884,long,signal,60,66665.99999999991,3566049.5000000047,0.0,0.0
457,458,1,58950.01,57051.94,-3.219795891468041,long,signal,60,-113884.19999999998,3452165.300000005,3.2989208251412396,3.193567559844572
460,461,1,59129.99,57991.15,-1.9259938992041037,long,signal,58,-66052.7199999998,3386112.580000005,1.950694740338481,1.9133707183720212
462,463,1,55953.45,58077.52,3.7961376823055586,long,signal,60,127444.19999999998,3513556.780000005,0.0,0.0
464,465,1,58142.54,59769.13,2.7975901981578315,long,signal,60,97595.39999999979,3611152.180000005,0.0,0.0
467,468,1,59860.0,63575.0,6.206147677915135,long,signal,60,222900.0,3834052.180000005,0.0,0.0
469,470,1,62959.53,63159.98,0.31837912385941314,long,signal,60,12027.000000000262,3846079.1800000053,0.0,0.0
471,472,1,61334.8,60006.66,-2.1653938710161267,long,signal,62,-82344.67999999996,3763734.5000000056,2.1878450778076823,2.1410032437241604
474,475,1,55633.14,56425.0,-1.4233602489451442,short,signal,67,-53054.62000000004,3710679.8800000055,1.4297816496097215,1.409627060569762
476,477,1,53787.63,51690.96,3.8980523960620657,short,ID,68,142573.55999999988,3853253.4400000055,0.0,0.0
478,479,1,51125.14,50047.84,2.107182493778996,short,signal,75,80797.50000000022,3934050.9400000055,0.0,0.0
480,481,1,49066.77,54001.39,-10.056948928979843,short,nextday,80,-394769.6000000002,3539281.3400000054,11.153947993295144,10.034684502585508
483,484,1,54846.22,53555.0,2.354255224881498,short,signal,64,82638.08000000007,3621919.4200000055,0.0,0.0
495,496,1,55816.14,56670.02,-1.5298084030891377,short,signal,64,-54648.31999999983,3567271.1000000057,1.531936274761953,1.5088220819666869
497,498,1,49631.32,49670.97,-0.07988907004690074,short,signal,71,-2815.1500000001033,3564455.950000006,0.07897839220035535,0.07891606556058782
499,500,1,49841.45,46762.99,6.176505699573346,short,ID,71,218570.65999999995,3783026.610000006,0.0,0.0
501,502,1,46431.5,43538.04,6.231674617447205,short,ID,81,234370.25999999992,4017396.8700000057,0.0,0.0
503,504,1,42849.78,36690.09,14.375079638681932,short,trailing_take_profit,93,572851.1700000002,4590248.040000006,0.0,0.0
505,506,1,40526.64,37252.01,8.080191202626215,short,ID,113,370033.1899999997,4960281.230000005,0.0,0.0
507,508,1,37449.73,34655.25,7.461949658916107,short,ID,132,368871.36000000045,5329152.590000005,0.0,0.0
509,510,1,38796.29,38324.72,1.2155028225637032,short,signal,137,64605.08999999996,5393757.680000005,0.0,0.0
511,512,1,39241.91,38529.98,1.8142083298188092,short,signal,137,97534.41000000003,5491292.090000005,0.0,0.0
513,514,1,35663.49,34605.15,2.967572719327235,short,ID,153,161926.01999999947,5653218.110000005,0.0,0.0
537,538,1,31608.93,32509.56,-2.8492897418545993,short,signal,178,-160312.1400000002,5492905.970000004,2.918530571532803,2.8357678207466237
539,540,1,33678.07,34663.09,-2.924811308961579,short,signal,163,-160558.25999999949,5332347.710000005,3.011023825376152,2.923011259921488
541,542,1,31584.45,32283.65,-2.2137475878161585,short,signal,168,-117465.60000000012,5214882.110000004,2.252507295893607,2.202887103174306
551,552,1,33690.14,34220.01,1.5727747050027177,long,signal,154,81599.9800000004,5296482.0900000045,0.0,0.0
563,564,1,31520.07,31778.56,-0.8200806660645158,short,signal,168,-43426.32000000027,5253055.770000004,0.8266868257520947,0.8199087481479665
566,567,1,29790.35,32144.51,-7.902424778493707,short,nextday,176,-414332.16,4838723.610000004,8.562839984158547,7.887450241176476
568,569,1,32287.83,33634.09,4.169558623171624,long,Max Drawdown Limit,149,200592.73999999923,5039316.350000003,0.0,0.0
570,571,1,34258.14,35381.02,3.277702759110674,long,signal,147,165063.3599999996,5204379.710000003,0.0,0.0
572,573,1,37237.6,39457.87,5.962441188476175,long,ID,139,308617.53000000055,5512997.240000004,0.0,0.0
574,575,1,40019.56,40016.48,-0.007696236540317961,long,signal,137,-421.9599999992424,5512575.280000005,0.0076544986429469865,0.007653912774297545
576,577,1,42206.37,41461.83,-1.7640465171489534,long,signal,130,-96790.20000000011,5415785.080000005,1.7871868726371265,1.7558073147982498
580,581,1,38207.05,39723.18,3.968194351566,long,signal,141,213774.32999999964,5629559.410000004,0.0,0.0
582,583,1,40862.46,42836.87,4.831843212572134,long,signal,137,270494.1700000005,5900053.580000005,0.0,0.0
584,585,1,44572.54,43794.37,-1.7458506964153224,long,signal,132,-102718.43999999977,5797335.140000005,1.7718216649451697,1.7409746980636638
586,587,1,46253.4,45584.99,-1.445104576096035,long,signal,125,-83551.25000000044,5713783.890000005,1.4622752909193408,1.4412009653111055
590,591,1,47800.0,47068.51,-1.5303138075313765,long,signal,119,-87047.30999999976,5626736.580000006,1.5470301259420163,1.5234617142651419
598,599,1,48821.87,49239.22,0.8548423073511903,long,signal,115,47995.24999999983,5674731.830000005,0.0,0.0
600,601,1,49488.85,47674.01,-3.6671694735278684,long,signal,114,-206891.7599999996,5467840.070000006,3.7837931861821743,3.645842062637146
605,606,1,48895.35,48767.83,-0.2608018962948354,long,signal,111,-14154.719999999645,5453685.350000006,0.2595441264318581,0.25887223874124254
612,613,1,49915.64,51756.88,3.688703580681321,long,signal,109,200695.15999999977,5654380.510000006,0.0,0.0
614,615,1,52663.9,46863.73,-11.013559573066177,long,ATR_stop_loss1,107,-620618.1899999998,5033762.320000007,12.329111915637657,10.975883014990067
617,618,1,46395.14,44850.91,3.328430520955419,short,Max Drawdown Limit,108,166776.83999999956,5200539.160000007,0.0,0.0
620,621,1,46025.24,44940.73,-2.3563375226288765,long,signal,112,-121465.11999999941,5079074.0400000075,2.391481578008243,2.3356255238735484
623,624,1,48121.41,47737.82,-0.7971295936673587,long,Max Drawdown Limit,105,-40276.9500000004,5038797.090000006,0.7993366130963029,0.7929978906155315
628,629,1,43015.62,40734.38,5.30328285399584,short,Max Drawdown Limit,117,266905.0800000006,5305702.170000007,0.0,0.0
630,631,1,43543.61,44865.26,-3.035232953813433,short,signal,121,-159919.65000000017,5145782.520000007,3.107780971668429,3.014109063720781
632,633,1,42810.57,42670.64,0.32685853049842667,short,signal,120,16791.600000000035,5162574.120000007,0.0,0.0
640,641,1,47634.9,48200.01,1.1863360687227233,long,signal,108,61031.88000000006,5223606.0000000065,0.0,0.0
643,644,1,51471.99,55315.0,7.466216091509192,long,ID,101,388144.0100000002,5611750.010000006,0.0,0.0
645,646,1,53785.22,53951.43,0.3090254162760683,long,signal,104,17285.83999999991,5629035.850000006,0.0,0.0
647,648,1,54949.72,54659.0,-0.5290654802244691,long,signal,102,-29653.44000000012,5599382.410000006,0.5295841189028627,0.5267942999510365
649,650,1,57471.35,55996.93,-2.5654869774244005,long,signal,97,-143018.73999999982,5456363.6700000055,2.621136505001326,2.554187757288756
651,652,1,57367.0,57347.94,-0.033224676207571725,long,signal,95,-1810.6999999997788,5454552.970000005,0.033196120927948096,0.03318510476044176
653,654,1,61672.42,60875.57,-1.2920686426769026,long,signal,88,-70122.79999999987,5384430.1700000055,1.302325367514233,1.285582895347696
655,656,1,61528.33,62009.84,0.7825825924415546,long,signal,87,41891.369999999544,5426321.540000006,0.0,0.0
657,658,1,64280.59,66001.41,2.677044501302815,long,signal,84,144548.8800000006,5570870.420000006,0.0,0.0
659,660,1,62193.15,60688.22,-2.419768093431512,long,signal,89,-133938.77000000002,5436931.650000006,2.463499242261034,2.404270067369478
665,666,1,58413.44,60575.89,3.7019733814683695,long,signal,93,201107.84999999974,5638039.500000006,0.0,0.0
677,678,1,67525.83,66947.66,-0.8562205011030567,long,signal,83,-47988.109999999855,5590051.390000005,0.8584556143051897,0.8511488789675966
681,682,1,64122.23,64380.0,0.4019978718768776,long,signal,87,22425.98999999972,5612477.380000005,0.0,0.0
683,684,1,65519.1,63606.74,-2.918782461908055,long,signal,85,-162550.60000000003,5449926.780000004,2.982619887601507,2.896236171556747
685,686,1,60058.87,60344.87,0.47619943565371775,long,signal,90,25740.0,5475666.780000004,0.0,0.0
687,688,1,56891.62,58052.24,-2.040054405200617,short,signal,96,-111419.51999999955,5364247.260000004,2.0770765141799123,2.0348119138104215
690,691,1,58622.02,56247.18,4.0511057107892166,short,signal,91,216110.43999999968,5580357.700000004,0.0,0.0
692,693,1,57541.27,57138.29,0.7003321268369571,short,signal,96,38686.07999999961,5619043.780000003,0.0,0.0
695,696,1,53726.53,54721.03,-1.8510408172647665,short,signal,104,-103428.0,5515615.780000003,1.8751850042752605,1.8406690541927038
697,698,1,57274.88,57776.25,0.8753750335225541,long,signal,96,48131.52000000025,5563747.300000004,0.0,0.0
699,700,1,56950.56,57184.07,-0.41002230706774795,short,signal,97,-22650.470000000198,5541096.830000004,0.40877231881904735,0.4071081732989513
702,703,1,53601.05,49152.47,8.299426970180624,short,ID,103,458203.74000000017,5999300.570000004,0.0,0.0
704,705,1,49396.33,50441.92,-2.1167362028717447,short,signal,121,-126516.38999999958,5872784.180000004,2.1542829792869993,2.1088523324311383
707,708,1,50471.19,47545.59,5.7965742436427705,short,signal,116,339369.6000000007,6212153.780000005,0.0,0.0
712,713,1,46702.75,48343.28,-3.5127053546097367,short,signal,133,-218190.48999999985,5993963.290000005,3.6401706090528965,3.512316303283787
714,715,1,48864.98,47632.38,2.5224608707503937,short,signal,122,150377.2000000007,6144340.490000006,0.0,0.0
727,728,1,47543.74,46464.66,2.269657372348062,short,signal,129,139201.31999999928,6283541.810000005,0.0,0.0
732,733,1,47286.18,46446.1,1.7765867321065092,short,signal,132,110890.56000000023,6394432.370000006,0.0,0.0
734,735,1,45832.01,43451.13,5.194797260691828,short,ID,139,330942.32000000065,6725374.690000006,0.0,0.0
736,737,1,43082.31,41566.48,3.5184510765555386,short,signal,156,236469.47999999914,6961844.1700000055,0.0,0.0
738,739,1,41679.74,41864.62,-0.4435728245905677,short,signal,167,-30874.960000000778,6930969.210000005,0.44546381702943494,0.44348823739904064
740,741,1,41822.49,42729.29,-2.1682114096984733,short,signal,165,-149622.00000000047,6781347.210000005,2.206375744621398,2.1587457030414354
742,743,1,43902.66,42560.11,3.0580151635459054,short,signal,154,206752.70000000045,6988099.910000005,0.0,0.0
750,751,1,40680.91,36445.31,10.411763158690416,short,trailing_take_profit,171,724287.600000001,7712387.510000005,0.0,0.0
752,753,1,35071.42,36244.55,-3.3449743409306056,short,signal,219,-256915.47000000102,7455472.040000005,3.4459987056701578,3.3312054103464064
754,755,1,36660.35,36958.32,-0.8127854753159781,short,signal,203,-60487.910000000236,7394984.130000005,0.8179586181207952,0.8113223371433917
756,757,1,36809.34,37160.1,-0.9529103211304578,short,signal,200,-70152.00000000041,7324832.130000005,0.9577284332931184,0.9486430094610624
765,766,1,41574.25,41382.59,-0.46100651244461055,long,signal,176,-33732.160000000615,7291099.970000004,0.4626484362962332,0.4605178576290475
768,769,1,43839.99,44042.99,0.4630475508776348,long,signal,166,33698.0,7324797.970000004,0.0,0.0
770,771,1,44372.72,43495.44,-1.9770705965286752,long,signal,165,-144751.1999999998,7180046.770000005,2.0160202939736442,1.9761801020704355
778,779,1,40515.7,39974.44,-1.3359265667383133,long,signal,177,-95803.01999999907,7084243.7500000065,1.3523394081407565,1.3342952082190762
780,781,1,40079.17,38386.89,4.222342927760228,short,signal,176,297841.2799999998,7382085.030000007,0.0,0.0
782,783,1,37008.16,38230.33,-3.3024338416176273,short,signal,199,-243211.82999999967,7138873.200000007,3.406865806217147,3.2946224408363376
784,785,1,37250.01,38327.21,-2.8918113042117226,short,signal,191,-205745.19999999943,6933128.000000007,2.9675667317839656,2.8820402637211577
790,791,1,44421.2,43892.98,-1.189116908142945,long,signal,156,-82402.31999999905,6850725.680000009,1.202826150820249,1.18853019877894
792,793,1,42454.0,39148.66,-7.785697460781073,long,nextday,161,-532159.7399999994,6318565.94000001,8.422160108057659,7.767932403914305
794,795,1,39397.96,38420.81,2.480204558814724,short,Max Drawdown Limit,160,156344.00000000023,6474909.94000001,0.0,0.0
796,797,1,37988.0,38730.63,-1.9549068126776807,short,Max Drawdown Limit,170,-126247.09999999955,6348662.84000001,1.988562051280698,1.9497892815478983
801,802,1,38807.36,37777.34,2.6541872469552272,short,Max Drawdown Limit,163,167893.26000000065,6516556.100000011,0.0,0.0
805,806,1,41114.0,40917.9,-0.47696648343629555,long,Max Drawdown Limit,158,-30983.79999999977,6485572.300000011,0.4777342471380631,0.4754627985171457
807,808,1,41757.51,42201.13,1.0623717745622172,long,Max Drawdown Limit,155,68761.09999999928,6554333.40000001,0.0,0.0
809,810,1,41262.11,41002.25,-0.6297787485904152,long,Max Drawdown Limit,158,-41057.88000000009,6513275.52000001,0.6303722278280012,0.6264234285060908
811,812,1,42364.13,42882.76,1.2242196405308092,long,Max Drawdown Limit,153,79350.39000000071,6592625.91000001,0.0,0.0
813,814,1,43991.46,44313.16,0.7312782981060515,long,Max Drawdown Limit,149,47933.30000000065,6640559.210000011,0.0,0.0
815,816,1,44511.27,46827.76,5.204277478490291,long,Max Drawdown Limit,149,345157.01000000077,6985716.220000012,0.0,0.0
817,818,1,47122.21,47434.8,0.6633602286480278,long,signal,148,46263.32000000056,7031979.540000012,0.0,0.0
820,821,1,45510.34,46283.49,1.6988447021050634,long,signal,154,119065.10000000022,7151044.640000013,0.0,0.0
826,827,1,43170.47,43444.19,0.634044521637131,long,signal,165,45163.80000000019,7196208.440000013,0.0,0.0
831,832,1,39530.45,40074.94,-1.377393882437476,short,signal,182,-99097.18000000095,7097111.260000013,1.3963030361172675,1.3770748975136753
838,839,1,40801.13,41493.18,1.6961540035778493,long,signal,173,119724.6500000005,7216835.910000013,0.0,0.0
845,846,1,40426.08,38112.65,-5.722617676509818,long,signal,178,-411790.54000000004,6805045.370000013,6.051253409938679,5.705970665474078
856,857,1,36013.77,35472.39,1.5032583370194161,short,signal,188,101779.43999999951,6906824.810000013,0.0,0.0
858,859,1,34038.4,30076.31,11.640059462254394,short,trailing_take_profit,202,800342.18,7707166.990000012,0.0,0.0
860,861,1,31017.1,29103.94,6.168081477636529,short,ID,248,474463.67999999993,8181630.670000012,0.0,0.0
862,863,1,29029.75,29287.05,-0.8863321248030014,short,signal,281,-72301.2999999998,8109329.370000012,0.891581741240826,0.883702808354703
865,866,1,31328.89,29874.01,4.6438925860443865,short,signal,258,375359.04000000027,8484688.410000013,0.0,0.0
871,872,1,29445.06,30293.94,-2.882928409723048,short,signal,288,-244477.43999999925,8240210.970000014,2.9668832617279346,2.881395617449658
876,877,1,29201.35,28629.8,1.957272523359363,short,signal,282,161177.0999999998,8401388.070000013,0.0,0.0
878,879,1,29031.33,29468.1,-1.5044780931496997,short,signal,289,-126226.52999999907,8275161.540000014,1.5253663555672305,1.5024485114636434
880,881,1,31734.22,31801.04,0.21056134355909709,long,signal,260,17373.199999999924,8292534.740000014,0.0,0.0
884,885,1,29700.21,29864.04,-0.551612261327451,short,signal,279,-45708.57000000049,8246826.170000014,0.5542564988974445,0.5512014291543411
886,887,1,29919.21,31373.1,4.859386327379632,long,signal,275,399819.7499999998,8646645.920000013,0.0,0.0
893,894,1,26574.53,22487.41,15.379839267147903,short,trailing_take_profit,325,1328313.9999999998,9974959.920000013,0.0,0.0
895,896,1,22136.41,22583.72,-2.0206980264640984,short,signal,450,-201289.50000000058,9773670.420000013,2.0595077524621477,2.0179479578299873
897,898,1,20401.31,20468.81,-0.3308611064681631,short,signal,479,-32332.5,9741337.920000013,0.33191025981778033,0.3308122599861512
899,900,1,18970.79,20574.0,-8.450939576053496,short,nextday,513,-822446.7299999995,8918891.190000013,9.22140109660873,8.442851862385648
901,902,1,20573.89,20723.52,-0.7272810343595744,short,signal,433,-64789.790000000445,8854101.400000012,0.7317489045246408,0.7264332372688233
913,914,1,19252.81,19315.83,-0.3273288418677608,short,signal,459,-28926.1800000002,8825175.220000012,0.32776890292722893,0.3266980881876919
919,920,1,21594.75,21591.83,0.013521805068353437,short,signal,408,1191.3599999992875,8826366.580000011,0.0,0.0
921,922,1,20862.47,19963.61,4.3085023010218855,short,signal,423,380217.78000000026,9206584.36000001,0.0,0.0
923,924,1,19328.75,20234.87,-4.687938951044424,short,signal,476,-431313.11999999953,8775271.240000011,4.915097302451002,4.684833192578259
929,930,1,22432.58,23396.62,4.297499440545836,long,ID,391,376939.6399999989,9152210.88000001,0.0,0.0
936,937,1,21310.9,21254.67,0.2638555856392888,short,signal,429,24122.670000001373,9176333.550000012,0.0,0.0
948,949,1,22954.21,23174.39,-0.9592140178206974,short,signal,399,-87851.82000000012,9088481.730000012,0.9666281190840903,0.9573738740131147
950,951,1,23810.0,23149.95,2.772154556908859,short,signal,381,251479.04999999973,9339960.78000001,0.0,0.0
956,957,1,24305.24,24094.82,0.8657392397688806,short,signal,384,80801.28000000073,9420762.060000012,0.0,0.0
961,962,1,20834.39,21140.07,-1.4671895841442937,short,signal,452,-138167.36000000013,9282594.700000012,1.488456239503802,1.4666261510483285
963,964,1,21515.61,21399.83,0.5381209270850272,short,signal,431,49901.1799999995,9332495.880000012,0.0,0.0
965,966,1,21529.12,21368.08,0.7480101369679636,short,signal,433,69730.3199999988,9402226.20000001,0.0,0.0
968,969,1,20241.05,20037.6,1.0051356031431213,short,signal,464,94400.80000000034,9496627.000000011,0.0,0.0
971,972,1,20285.73,19811.66,2.336962978408959,short,signal,468,221864.75999999986,9718491.760000011,0.0,0.0
973,974,1,20050.02,20131.46,-0.40618413348215454,short,signal,484,-39416.959999999366,9679074.800000012,0.4072389232904676,0.40558721428600547
975,976,1,19951.86,19831.9,0.6012472020152464,short,signal,485,58180.59999999958,9737255.400000012,0.0,0.0
977,978,1,20000.3,19796.84,1.0172847407288848,short,signal,486,98881.55999999958,9836136.96000001,0.0,0.0
979,980,1,18790.61,19292.84,-2.6727711340930367,short,signal,523,-262666.28999999975,9573470.670000011,2.7436892957023997,2.6704212341508393
981,982,1,19319.77,21360.11,-10.560891770450684,short,nextday,495,-1009968.3,8563502.37000001,11.793869568345778,10.549656804871159
984,985,1,21826.87,22395.74,2.606282989727811,long,Max Drawdown Limit,392,222997.04000000103,8786499.410000011,0.0,0.0
988,989,1,19701.88,19803.3,0.5147732094602051,long,signal,445,45131.89999999922,8831631.310000012,0.0,0.0
995,996,1,19401.63,19289.91,-0.575827907242851,long,signal,455,-50832.60000000053,8780798.710000012,0.5789063350479601,0.5755742989683246
997,998,1,18920.5,18807.38,0.5978700351470573,short,signal,464,52487.67999999953,8833286.390000012,0.0,0.0
999,1000,1,19227.82,19079.13,0.7733065942992949,short,signal,459,68248.7099999994,8901535.10000001,0.0,0.0
1004,1005,1,19310.95,19056.8,1.3160926831668118,short,signal,460,116909.00000000067,9018444.10000001,0.0,0.0
1010,1011,1,19530.09,19417.96,0.5741396993050264,short,signal,461,51691.93000000047,9070136.03000001,0.0,0.0
1016,1017,1,19375.13,19176.93,-1.0229608781979822,long,signal,468,-92757.60000000034,8977378.43000001,1.0332370493598486,1.0226704394862258
1018,1019,1,19069.39,19262.98,-1.0151871664484293,short,signal,470,-90987.30000000008,8886391.13000001,1.0238948372735046,1.0135174840791537
1025,1026,1,19204.35,19570.4,-1.9060785707404986,short,signal,462,-169115.10000000134,8717276.030000009,1.9399993692754653,1.90307963633378
1029,1030,1,20771.59,20295.11,-2.293902392643026,long,signal,419,-199645.11999999982,8517630.910000008,2.343904333370567,2.2902236812615975
1031,1032,1,20591.84,20809.67,1.0578462148112948,long,Max Drawdown Limit,413,89963.78999999922,8607594.700000007,0.0,0.0
1034,1035,1,20490.74,20483.62,0.034747402973258255,short,Max Drawdown Limit,420,2990.4000000011,8610585.100000007,0.0,0.0
1039,1040,1,21299.37,20905.58,-1.8488340265463123,long,Max Drawdown Limit,404,-159091.15999999887,8451493.940000007,1.8824028169391316,1.847623107516817
1042,1043,1,18547.23,15922.81,14.149929666047168,short,trailing_take_profit,455,1194111.1,9645605.040000007,0.0,0.0
1044,1045,1,17601.15,17070.31,3.015939299420777,short,signal,548,290900.32000000007,9936505.360000007,0.0,0.0
1047,1048,1,16329.85,16619.46,-1.7735006751439772,short,signal,608,-176082.87999999925,9760422.480000008,1.8040497771567652,1.7720805617318043
1055,1056,1,15781.29,16226.94,-2.8239136344367264,short,signal,618,-275411.6999999998,9485010.780000009,2.90365194503236,2.8217190450960787
1062,1063,1,16212.91,16442.53,-1.4162787556336214,short,signal,585,-134327.6999999994,9350683.08000001,1.436554943106885,1.4162103039802674
1074,1075,1,17127.49,17085.05,0.24778878866665416,short,signal,545,23129.80000000127,9373812.88000001,0.0,0.0
1076,1077,1,17209.83,17774.7,-3.2822520617577218,short,signal,544,-307289.27999999945,9066523.60000001,3.3892734807418243,3.278167421665014
1081,1082,1,16776.52,16738.21,-0.22835486739801406,long,signal,540,-20687.400000000707,9045836.20000001,0.22869527529141362,0.22817345338405504
1086,1087,1,16821.43,16778.5,0.25521016940890456,short,signal,537,23053.410000000156,9068889.61000001,0.0,0.0
1092,1093,1,16547.31,16633.47,-0.5206888612106733,short,signal,548,-47215.67999999992,9021673.93000001,0.5233583076306068,0.5206335288052938
1095,1096,1,16542.4,16616.75,-0.449451107457192,short,signal,545,-40520.74999999921,8981153.18000001,0.4511753578620062,0.4491489086659991
1102,1103,1,16943.57,17127.83,1.0874921873017436,long,signal,530,97657.80000000108,9078810.980000012,0.0,0.0
1104,1105,1,17178.26,17440.66,1.5275120995956604,long,signal,528,138547.20000000077,9217358.180000013,0.0,0.0
1106,1107,1,17943.26,18846.62,5.034536644957497,long,signal,513,463423.6800000003,9680781.860000012,0.0,0.0
1108,1109,1,19930.01,20954.92,5.142546340920049,long,signal,485,497081.3499999999,10177863.210000012,0.0,0.0
1110,1111,1,20871.5,21185.65,1.505162542222655,long,signal,487,152991.05000000072,10330854.260000013,0.0,0.0
1112,1113,1,21134.81,20677.47,-2.163918199406572,long,signal,488,-223181.92000000007,10107672.340000013,2.208044666394475,2.160343320921068
1114,1115,1,21071.59,22667.21,7.572375886205069,long,ID,479,764301.9799999995,10871974.320000013,0.0,0.0
1116,1117,1,22783.55,22707.88,-0.3321255906125176,long,signal,477,-36094.58999999917,10835879.730000013,0.3331025343523244,0.33199664511348664
1118,1119,1,22916.45,22632.89,-1.2373644259909424,long,signal,472,-133840.32000000062,10702039.410000013,1.2506057478627817,1.2351587811504818
1120,1121,1,23060.94,23009.65,-0.22241070832323936,long,signal,464,-23798.559999998717,10678240.850000015,0.2228696686495756,0.2223740643092869
1122,1123,1,23074.16,23022.6,-0.22345342148967204,long,signal,462,-23820.720000000605,10654420.130000014,0.223575940401748,0.22307719346862867
1124,1125,1,23742.3,22826.15,-3.858724723383993,long,signal,448,-410435.199999999,10243984.930000015,4.006597069447258,3.8522528208205613
1130,1131,1,23326.84,22932.91,-1.6887413811729333,long,signal,439,-172935.27000000014,10071049.660000015,1.717152390647623,1.6881640414517802
1135,1136,1,21796.35,21625.19,-0.7852690932197357,long,signal,462,-79075.91999999993,9991973.740000015,0.7913943937166493,0.7851805191078743
1137,1138,1,21862.55,21783.54,-0.3613942563881999,long,signal,457,-36107.569999999265,9955866.170000017,0.3626763295473102,0.3613657415396528
1141,1142,1,24324.05,23517.72,-3.3149496074872324,long,signal,409,-329788.9699999992,9626077.200000018,3.425995482354933,3.3125090712222605
1143,1144,1,24569.97,24631.95,0.25225916026759315,long,signal,391,24234.17999999983,9650311.38000002,0.0,0.0
1145,1146,1,24271.76,24842.2,2.3502209975708492,long,signal,397,226464.68000000092,9876776.060000021,0.0,0.0
1151,1152,1,23157.07,23554.85,1.7177475388725727,long,signal,426,169454.2799999995,10046230.34000002,0.0,0.0
1157,1158,1,22354.34,22346.57,0.03475835117476265,short,signal,449,3488.730000000196,10049719.07000002,0.0,0.0
1159,1160,1,22430.24,22410.0,0.09023532516817297,short,signal,448,9067.520000000717,10058786.590000022,0.0,0.0
1162,1163,1,21705.44,20362.22,6.188402538718393,short,ID,463,621910.8599999988,10680697.450000022,0.0,0.0
1164,1165,1,20150.69,20455.73,-1.5137943167206724,short,signal,530,-161671.20000000048,10519026.25000002,1.5369407410690776,1.5136764313083393
1166,1167,1,21997.11,24113.48,-9.621127502658299,short,nextday,478,-1011624.8599999995,9507401.390000021,10.640392873956458,9.617096069134702
1168,1169,1,24670.41,24285.66,-1.5595606234351194,long,signal,385,-148128.75,9359272.640000021,1.5826951056743623,1.5580361438805275
1171,1172,1,27395.13,26907.49,-1.7800244057976706,long,Max Drawdown Limit,341,-166285.23999999982,9192987.40000002,1.8088270196040934,1.7766897749011386
1173,1174,1,27972.87,27717.01,-0.914671966087143,long,Max Drawdown Limit,328,-83922.08000000019,9109065.32000002,0.9213028675482139,0.912892364020861
1195,1196,1,29637.34,30200.42,1.8999005983667838,long,Max Drawdown Limit,307,172865.55999999942,9281930.88000002,0.0,0.0
1200,1201,1,30295.09,30304.65,0.03155626868908892,long,Max Drawdown Limit,306,2925.3600000004008,9284856.240000019,0.0,0.0
1207,1208,1,27816.85,27590.6,-0.8133559335438773,long,Max Drawdown Limit,333,-75341.25,9209514.990000019,0.8180805404172521,0.8114422889545984
1211,1212,1,28415.29,29472.77,3.721517535101699,long,Max Drawdown Limit,324,342623.51999999984,9552138.510000018,0.0,0.0
1223,1224,1,27668.79,27628.27,0.1464465919904717,short,signal,345,13979.40000000015,9566117.910000019,0.0,0.0
1225,1226,1,27598.75,26968.62,2.2831831151773216,short,signal,346,218024.98000000036,9784142.89000002,0.0,0.0
1227,1228,1,26795.01,26775.28,0.07363311303111872,short,signal,365,7201.449999999841,9791344.340000018,0.0,0.0
1229,1230,1,26917.62,27162.14,-0.9084012628159563,short,signal,363,-88760.76000000015,9702583.580000019,0.9148157216904861,0.9065227094239809
1239,1240,1,26329.01,26473.79,-0.5498877473934739,short,signal,368,-53279.04000000091,9649304.540000018,0.5521541970111855,0.5491221957605735
1243,1244,1,28065.0,27736.4,-1.1708533760912117,long,signal,343,-112709.7999999995,9536594.740000019,1.1818663062953922,1.1680613823801926
1249,1250,1,27069.22,27115.21,-0.1698977658018885,short,signal,352,-16188.479999999283,9520406.26000002,0.1700398024821112,0.1697511579484246
1251,1252,1,25728.2,27230.08,-5.837485716062534,short,signal,370,-555695.6000000003,8964710.66000002,6.19870089594167,5.836889569878486
1253,1254,1,26339.34,26498.61,-0.604684855429181,short,Max Drawdown Limit,340,-54151.80000000015,8910558.86000002,0.6077261914860481,0.6040551898860796
1255,1256,1,26477.81,25841.21,2.4042773930321357,short,Max Drawdown Limit,336,213897.60000000073,9124456.460000021,0.0,0.0
1258,1259,1,25905.19,25934.25,-0.11217829323004892,short,Max Drawdown Limit,352,-10229.120000000461,9114227.34000002,0.11223244295331589,0.11210662295166476
1260,1261,1,25128.6,25598.49,-1.8699410233757672,short,Max Drawdown Limit,362,-170100.1800000011,8944127.160000019,1.9018086053240013,1.8663148685514486
1262,1263,1,26345.0,26516.99,-0.6528373505409057,short,Max Drawdown Limit,339,-58304.61000000054,8885822.550000018,0.6561532111622143,0.6518759064691243
1266,1267,1,28307.99,29993.89,5.955562369493552,long,Max Drawdown Limit,313,527686.6999999994,9413509.250000017,0.0,0.0
1268,1269,1,29884.92,30688.5,2.6889146766998264,long,Max Drawdown Limit,314,252324.12000000055,9665833.370000018,0.0,0.0
1270,1271,1,30527.43,30462.66,-0.2121698420076647,long,signal,316,-20467.320000000138,9645366.050000018,0.21219847846002962,0.21174914998560815
1276,1277,1,30472.0,30585.9,0.37378577054345447,long,signal,316,35992.40000000046,9681358.450000018,0.0,0.0
1278,1279,1,30617.03,31156.2,1.7610133967925756,long,signal,316,170377.7200000006,9851736.170000019,0.0,0.0
1281,1282,1,30504.81,29895.43,-1.9976521735424708,long,signal,322,-196220.36000000034,9655515.81000002,2.032210022345756,1.991733808275532
1285,1286,1,30160.71,30411.57,0.8317443455409391,long,signal,320,80275.20000000019,9735791.01000002,0.0,0.0
1289,1290,1,31454.23,30312.01,-3.6313716787853374,long,signal,309,-352945.98000000033,9382845.03000002,3.761609393222598,3.6252419514498153
1291,1292,1,30289.52,30231.99,-0.18993368003190159,long,Max Drawdown Limit,309,-17776.76999999964,9365068.26000002,0.18981997254550192,0.18946033898206155
1300,1301,1,29176.5,29228.91,-0.17963086730759292,short,Max Drawdown Limit,320,-16771.199999999953,9348297.060000021,0.17940379827852002,0.17908251744017953
1308,1309,1,29705.99,29186.01,-1.7504213796611496,long,Max Drawdown Limit,314,-163273.72000000102,9185023.340000018,1.7776081122076082,1.7465611004021961
1310,1311,1,29193.64,29113.99,-0.2728333979592741,long,Max Drawdown Limit,314,-25010.099999999315,9160013.24000002,0.27303563155109273,0.27229217688626706
1314,1315,1,29211.06,29770.42,1.9148911405474394,long,Max Drawdown Limit,313,175079.67999999903,9335092.920000019,0.0,0.0
1321,1322,1,29430.93,29200.0,-0.7846507059070178,long,Max Drawdown Limit,317,-73204.81000000008,9261888.110000018,0.7903875444247878,0.7841894090112643
1323,1324,1,28730.51,26623.41,7.334015302895767,short,Max Drawdown Limit,322,678486.1999999995,9940374.310000017,0.0,0.0
1325,1326,1,26054.0,26100.01,-0.17659476471942273,short,signal,381,-17529.80999999939,9922844.500000019,0.17666113784206358,0.1763495966380629
1327,1328,1,26189.99,26126.92,0.24081719771562854,short,signal,378,23840.460000001265,9946684.96000002,0.0,0.0
1329,1330,1,26056.0,26432.72,-1.4458090267117023,short,signal,381,-143530.32000000044,9803154.64000002,1.4641237976023604,1.4429965418347785
1336,1337,1,27716.34,27299.99,-1.5021824670934132,long,signal,353,-146971.5499999995,9656183.09000002,1.5220460158031093,1.4992270896177415
1341,1342,1,25971.21,25826.02,0.5590421085501934,short,signal,371,53865.48999999951,9710048.58000002,0.0,0.0
1347,1348,1,25901.61,25841.61,0.23164583205445533,short,signal,374,22440.0,9732488.58000002,0.0,0.0
1349,1350,1,25162.52,25840.1,-2.6928145511657737,short,signal,386,-261545.87999999928,9470942.700000022,2.7615612118527375,2.6873484397142584
1355,1356,1,26527.51,26762.51,0.8858728165591117,long,signal,357,83895.0,9554837.700000022,0.0,0.0
1360,1361,1,26580.14,26575.96,-0.015726027026194335,long,signal,359,-1500.6200000001045,9553337.080000022,0.015707809610745745,0.015705342645424288
1366,1367,1,27021.39,26906.96,-0.4234793250828336,long,signal,353,-40393.7900000001,9512943.290000021,0.4246192662838935,0.42282387464968285
1370,1371,1,27494.51,27426.46,0.24750395624435306,short,signal,345,23477.24999999975,9536420.540000021,0.0,0.0
1372,1373,1,27778.57,27410.39,1.3254101993011171,short,signal,343,126285.7400000001,9662706.280000022,0.0,0.0
1374,1375,1,27931.09,27956.67,0.09158253401495647,long,signal,345,8825.099999999347,9671531.38000002,0.0,0.0
1381,1382,1,26862.0,26852.48,0.035440399076764335,short,signal,360,3427.200000000157,9674958.580000019,0.0,0.0
1384,1385,1,28500.78,28395.91,-0.3679548419376557,long,signal,339,-35550.92999999966,9639407.650000019,0.368808243108171,0.36745304598502615
1386,1387,1,28320.0,28713.71,1.3902189265536693,long,signal,340,133861.3999999997,9773269.05000002,0.0,0.0
1388,1389,1,29669.04,29909.8,0.8114856429463116,long,signal,329,79210.03999999947,9852479.090000018,0.0,0.0
1390,1391,1,29992.46,33069.99,10.261012267749958,long,take_profit,328,1009429.8399999996,10861908.930000018,0.0,0.0
1392,1393,1,33922.73,34496.05,1.6900762409157506,long,signal,320,183462.3999999999,11045371.330000017,0.0,0.0
1394,1395,1,34151.66,33892.02,-0.7602558704320863,long,signal,323,-83863.72000000215,10961507.610000014,0.7650746866561945,0.7592657367002473
1400,1401,1,35421.43,34941.59,-1.354660159118375,long,signal,309,-148270.56000000116,10813237.050000014,1.3711949466603095,1.3526475123251802
1408,1409,1,36701.09,37301.63,1.6363001752809,long,signal,294,176558.76000000024,10989795.810000014,0.0,0.0
1411,1412,1,37064.13,36462.93,-1.6220534516795542,long,signal,296,-177955.19999999914,10811840.610000014,1.6459288147052977,1.6192766733488475
1422,1423,1,37294.28,37713.57,1.1242742854936492,long,signal,289,121174.81000000026,10933015.420000015,0.0,0.0
1432,1433,1,39972.26,41991.1,5.050602592898166,long,signal,273,551143.319999999,11484158.740000013,0.0,0.0
1434,1435,1,44073.32,43762.69,-0.7048028149456346,long,signal,260,-80763.79999999932,11403394.940000014,0.7082434698170577,0.7032626579663491
1436,1437,1,43273.14,44170.99,2.0748436559029426,long,signal,263,236134.5499999996,11639529.490000013,0.0,0.0
1440,1441,1,41253.4,41492.39,0.5793219467971076,long,signal,282,67395.17999999943,11706924.670000013,0.0,0.0
1442,1443,1,42869.03,43022.26,0.35743752541170914,long,signal,273,41831.790000000874,11748756.460000014,0.0,0.0
1447,1448,1,42657.8,42275.99,-0.8950531907412124,long,signal,275,-104997.75000000137,11643758.710000014,0.9017513383356591,0.8936924546651116
1459,1460,1,42140.28,42283.58,0.3400546935141459,long,signal,276,39550.8000000008,11683309.510000015,0.0,0.0
